"ID","Start time","Completion time","Language","University","Degree","Course","Age","Gender","X1","X2","X3","X4","X5","X6","X7","X8","X9","X10","X11","X12","RNPQ","Y1","Y2","Y3","Y4","Y5","Y6","Y7","Y8","Y9","Y10","Y11","Y12","Y13","Y14","Y15","HC_PAIRS"
4,2/7/24 17:51:14,2/7/24 17:53:55,"Spanish","Universidad de Alcalá","Physiotherapy","Last","21","F",0,0,1,1,1,0,1,1,0,1,1,1,8,7,1,1,1,4,2,2,1,5,5,2,1,6,3,4,45
5,2/7/24 17:50:52,2/7/24 17:57:01,"Spanish","Universidad de Alcalá","Physiotherapy","Last","21","M",0,0,1,1,1,0,1,1,0,1,1,1,8,6,2,2,5,2,3,4,3,3,5,1,1,2,6,3,40
6,2/7/24 17:58:15,2/7/24 18:02:12,"Spanish","Universidad de Alcalá","Physiotherapy","Last","21","F",0,0,1,0,0,1,1,1,1,0,1,0,6,1,5,5,7,2,1,1,6,4,7,1,1,7,3,2,67
7,2/7/24 18:41:39,2/7/24 18:47:28,"Spanish","Universidad de Alcalá","Physiotherapy","Last","21","M",1,0,1,1,1,1,1,1,1,1,1,0,10,7,4,1,4,2,1,4,3,1,4,1,1,4,5,1,35
8,2/7/24 20:50:29,2/7/24 20:55:18,"Spanish","Universidad de Alcalá","Physiotherapy","Last","21","F",1,0,1,0,0,0,1,1,1,1,1,1,8,3,2,3,3,4,3,5,3,6,6,4,1,5,4,2,54
9,2/7/24 20:57:53,2/7/24 21:03:51,"Spanish","Universidad de Alcalá","Physiotherapy","Last","26","F",1,0,1,1,1,0,1,1,1,1,1,1,10,5,1,5,2,3,5,3,1,5,6,1,1,7,3,1,51
10,2/7/24 21:25:03,2/7/24 21:35:52,"Spanish","Universidad de Alcalá","Physiotherapy","Last","21","M",0,0,1,1,1,0,0,1,1,1,1,0,7,4,4,6,1,1,1,5,7,7,6,2,1,5,5,1,52
11,2/8/24 0:27:53,2/8/24 0:31:57,"Spanish","Universidad de Alcalá","Physiotherapy","Last","22","F",0,0,1,1,1,0,1,1,1,1,1,0,8,5,6,4,3,4,3,4,5,5,2,2,3,7,6,2,55
12,2/7/24 22:23:29,2/8/24 9:39:51,"Spanish","Universidad de Alcalá","Physiotherapy","Last","24","F",0,0,1,1,1,1,1,1,1,1,0,1,9,1,3,4,5,3,2,5,1,5,6,1,1,6,2,5,58
13,2/8/24 15:24:06,2/8/24 15:32:03,"Spanish","Universidad de Alcalá","Physiotherapy","Last","24","F",0,0,1,1,0,1,1,1,1,1,1,1,9,5,1,1,4,4,2,4,1,2,7,2,1,7,5,1,43
14,2/8/24 18:48:12,2/8/24 19:04:55,"Spanish","Universidad de Alcalá","Physiotherapy","Last","21","M",1,0,1,0,1,0,1,1,0,0,0,1,6,1,6,2,4,1,2,6,6,7,6,1,2,4,4,2,56
15,2/8/24 19:13:24,2/8/24 19:19:43,"Spanish","Universidad de Alcalá","Physiotherapy","Last","21","F",0,0,1,1,1,0,1,1,0,1,1,0,7,7,5,2,3,3,4,4,5,6,5,1,2,5,4,3,53
16,2/8/24 22:34:18,2/8/24 22:39:35,"Spanish","Universidad de Alcalá","Physiotherapy","Last","21","F",0,0,1,1,0,0,1,1,1,0,1,1,7,5,3,2,6,6,5,6,6,3,6,5,3,5,6,6,63
17,2/10/24 17:47:23,2/10/24 17:52:34,"Spanish","Universidad CEU Cardenal Herrera","Nursing","First","18","M",0,0,1,1,1,0,0,1,0,0,0,1,5,5,5,3,6,1,3,2,4,5,5,1,1,5,5,5,56
18,2/10/24 17:50:50,2/10/24 17:58:07,"Spanish","Universidad CEU Cardenal Herrera","Nursing","Last","35","F",0,0,1,1,1,0,0,1,0,0,1,0,5,4,5,3,3,6,2,5,2,2,6,5,2,4,5,3,53
19,2/10/24 17:57:43,2/10/24 18:04:41,"Spanish","Universidad CEU Cardenal Herrera","Nursing","First","19","F",0,0,1,1,1,0,1,1,0,1,1,1,8,2,6,5,6,4,6,5,5,6,6,5,5,4,4,4,75
20,2/10/24 18:14:39,2/10/24 18:19:45,"Spanish","Universidad CEU Cardenal Herrera","Nursing","Last","24","F",0,0,1,0,0,0,1,1,0,1,1,1,6,1,4,5,7,2,1,1,5,6,7,5,3,4,1,5,75
21,2/10/24 19:17:13,2/10/24 19:20:39,"Spanish","Universidad CEU Cardenal Herrera","Nursing","First","31","F",0,0,1,1,1,1,1,1,0,1,1,1,9,1,7,2,1,7,2,1,1,7,7,4,6,7,2,2,73
22,2/10/24 19:17:55,2/10/24 19:24:50,"Spanish","Universidad CEU Cardenal Herrera","Nursing","First","20","F",0,0,1,1,1,0,1,1,1,1,1,0,8,2,7,4,4,3,2,5,6,7,6,3,3,6,5,4,67
23,2/10/24 19:34:24,2/10/24 19:37:41,"Spanish","Universidad CEU Cardenal Herrera","Nursing","Last","24","F",0,0,1,1,1,0,1,1,0,1,1,0,7,7,7,7,1,6,1,7,4,7,7,7,4,7,4,4,68
24,2/10/24 21:40:54,2/10/24 21:45:57,"Spanish","Universidad CEU Cardenal Herrera","Nursing","First","19","M",1,0,1,0,1,1,0,1,1,0,1,0,7,7,7,2,5,4,2,4,5,7,7,5,6,7,6,7,71
25,2/10/24 21:56:52,2/10/24 22:00:59,"Spanish","Universidad CEU Cardenal Herrera","Nursing","First","21","F",0,0,1,1,1,1,0,0,0,1,1,0,6,6,5,3,5,7,4,5,5,3,6,6,3,5,6,3,62
26,2/10/24 22:20:13,2/10/24 22:23:47,"Spanish","Universidad CEU Cardenal Herrera","Nursing","Last","21","F",0,0,1,1,1,0,1,1,0,0,1,0,6,5,7,4,2,6,1,4,5,4,7,5,4,4,3,4,65
27,2/11/24 1:35:23,2/11/24 1:40:38,"Spanish","Universidad CEU Cardenal Herrera","Nursing","First","40","F",0,0,1,1,1,1,0,0,0,1,1,1,7,7,5,3,7,4,3,6,7,7,7,7,5,7,5,4,72
28,2/11/24 8:45:03,2/11/24 8:49:12,"Spanish","Universidad CEU Cardenal Herrera","Nursing","Last","22","F",0,0,1,0,1,1,0,1,0,1,1,1,7,3,6,7,6,5,4,5,7,6,6,5,5,4,4,5,78
29,2/11/24 10:48:34,2/11/24 10:52:01,"Spanish","Universidad CEU Cardenal Herrera","Physiotherapy","First","19","M",0,0,1,1,1,1,1,1,0,1,1,0,8,4,5,2,5,7,4,5,6,6,6,4,1,4,1,2,66
30,2/11/24 18:19:51,2/11/24 18:28:56,"Spanish","Universidad CEU Cardenal Herrera","Nursing","First","28","F",1,0,1,1,1,1,1,1,1,1,1,1,11,6,5,6,6,4,3,4,6,5,3,4,3,3,5,4,61
31,2/11/24 20:48:37,2/11/24 20:56:15,"Spanish","Universidad CEU Cardenal Herrera","Nursing","First","18","F",1,0,1,1,1,0,1,1,0,1,1,1,9,1,7,7,4,4,1,4,7,7,7,4,7,7,1,7,87
32,2/12/24 6:41:46,2/12/24 6:46:47,"Spanish","Universidad CEU Cardenal Herrera","Nursing","Last","23","M",0,0,1,0,1,1,0,1,1,1,1,0,7,1,6,6,4,5,7,3,7,7,7,4,5,7,7,7,85
33,2/12/24 8:15:07,2/12/24 8:24:18,"Spanish","Universidad CEU Cardenal Herrera","Nursing","First","19","F",0,0,1,1,1,0,0,0,0,1,1,1,6,4,6,3,6,4,5,4,6,6,4,4,5,6,6,4,69
34,2/12/24 9:31:02,2/12/24 9:36:38,"Spanish","Universidad Complutense de Madrid","Physiotherapy","First","18","F",0,0,1,1,1,0,0,1,1,1,1,0,7,5,6,5,2,5,2,5,5,7,6,4,1,7,6,1,59
35,2/12/24 9:36:43,2/12/24 9:40:59,"Spanish","Universidad Complutense de Madrid","Physiotherapy","First","18","M",0,0,1,1,0,0,0,0,0,1,0,0,3,3,4,7,6,3,5,4,6,4,4,1,1,4,4,4,62
36,2/12/24 9:42:46,2/12/24 9:49:12,"Spanish","Universidad Complutense de Madrid","Physiotherapy","First","18","M",1,0,1,1,1,0,1,1,0,0,1,1,8,5,6,4,6,2,1,2,7,7,4,2,1,6,5,3,61
37,2/12/24 9:42:26,2/12/24 9:50:01,"Spanish","Universidad Complutense de Madrid","Physiotherapy","First","18","M",1,0,1,1,0,0,0,1,1,0,1,1,7,4,6,2,4,4,3,4,6,4,4,4,2,4,4,4,59
38,2/12/24 9:45:31,2/12/24 9:51:46,"Spanish","Universidad Complutense de Madrid","Physiotherapy","First","21","M",1,0,1,1,1,0,0,1,0,1,1,1,8,7,4,4,3,4,3,4,3,5,4,4,3,4,4,4,54
39,2/12/24 9:48:11,2/12/24 9:54:08,"Spanish","Universidad Complutense de Madrid","Physiotherapy","First","18","F",0,0,1,1,1,1,0,1,1,1,1,0,8,5,2,4,3,5,3,6,2,2,2,5,6,3,3,4,51
40,2/12/24 9:46:51,2/12/24 9:54:54,"Spanish","Universidad Complutense de Madrid","Physiotherapy","First","19","F",1,0,0,1,1,0,0,1,0,1,1,0,6,7,1,4,4,4,1,4,7,4,4,1,1,4,7,4,45
41,2/12/24 9:53:41,2/12/24 9:57:52,"Spanish","Universidad Complutense de Madrid","Physiotherapy","First","19","F",0,0,1,1,1,1,0,1,0,1,1,0,7,5,6,4,5,3,4,4,5,5,7,3,1,7,5,2,62
42,2/12/24 9:55:08,2/12/24 9:58:39,"Spanish","Universidad Complutense de Madrid","Physiotherapy","First","19","M",0,0,1,1,1,1,0,1,0,1,1,0,7,1,5,4,7,1,2,6,7,1,7,4,3,7,7,4,62
43,2/12/24 10:04:35,2/12/24 10:10:12,"Spanish","Universidad Complutense de Madrid","Physiotherapy","First","18","F",0,0,1,1,1,1,0,0,0,1,0,1,6,7,7,7,4,4,4,7,7,7,7,4,4,7,4,7,75
44,2/12/24 10:18:45,2/12/24 10:23:20,"Spanish","Universidad Complutense de Madrid","Physiotherapy","First","21","M",0,0,1,1,0,1,0,0,0,0,1,1,5,5,4,5,5,5,5,5,5,5,5,3,3,5,3,5,66
45,2/12/24 10:27:32,2/12/24 10:35:02,"Spanish","Universidad Complutense de Madrid","Physiotherapy","First","19","M",1,0,1,1,1,0,0,1,1,1,1,0,8,3,6,6,5,2,2,4,6,3,6,1,2,6,6,3,59
46,2/12/24 10:41:00,2/12/24 10:46:56,"Spanish","Universidad Complutense de Madrid","Physiotherapy","First","18","F",0,0,1,0,1,1,0,1,0,0,1,0,5,3,5,2,4,5,2,5,4,5,6,5,4,4,5,3,60
47,2/12/24 9:31:05,2/12/24 11:09:20,"Spanish","Universidad Complutense de Madrid","Physiotherapy","First","18","M",0,0,1,1,1,1,1,1,0,1,1,0,8,4,6,4,6,3,2,5,3,2,5,2,2,5,5,2,52
48,2/12/24 11:04:33,2/12/24 11:11:01,"Spanish","Universidad Complutense de Madrid","Physiotherapy","First","19","F",1,0,1,1,1,0,1,1,0,1,1,0,8,4,6,7,7,7,3,6,6,4,7,5,4,5,5,5,75
49,2/12/24 11:16:02,2/12/24 11:19:42,"Spanish","Universidad Complutense de Madrid","Physiotherapy","First","18","F",1,0,1,1,1,0,0,0,0,1,0,1,6,2,5,6,4,6,3,4,5,7,7,4,2,5,2,6,76
50,2/12/24 11:22:30,2/12/24 11:26:28,"Spanish","Universidad Complutense de Madrid","Physiotherapy","First","18","F",0,0,1,1,0,1,0,1,0,1,1,0,6,2,6,5,5,3,2,5,4,7,7,2,3,5,3,2,65
51,2/12/24 11:18:41,2/12/24 11:26:53,"Spanish","Universidad CEU Cardenal Herrera","Nursing","First","21","F",1,0,1,1,1,1,0,0,0,0,1,1,7,1,7,7,7,7,3,3,7,7,7,6,7,6,3,7,95
52,2/12/24 11:19:22,2/12/24 11:28:27,"Spanish","Universidad Complutense de Madrid","Physiotherapy","First","18","M",1,0,1,0,1,1,0,1,1,1,1,0,8,4,7,2,2,1,1,5,7,4,6,5,1,2,4,1,50
53,2/12/24 12:54:36,2/12/24 12:57:55,"Spanish","Universidad Complutense de Madrid","Nursing","First","21","F",0,0,1,0,0,1,0,1,1,1,1,0,6,5,5,3,3,6,3,3,5,2,4,2,3,3,4,5,56
54,2/12/24 12:58:15,2/12/24 13:03:21,"Spanish","Universidad Complutense de Madrid","Nursing","First","18","F",0,0,1,0,0,0,1,1,0,0,1,0,4,1,4,5,3,3,1,4,3,7,6,3,5,5,2,3,65
55,2/12/24 12:58:30,2/12/24 13:05:45,"Spanish","Universidad Complutense de Madrid","Nursing","First","18","F",1,1,1,1,1,1,1,1,1,1,1,1,12,3,3,4,6,5,3,5,7,5,6,4,3,5,4,2,65
56,2/12/24 12:59:21,2/12/24 13:05:57,"Spanish","Universidad Complutense de Madrid","Nursing","First","19","F",0,0,1,1,1,1,1,1,0,1,1,0,8,4,5,4,4,5,3,5,6,6,5,4,4,4,5,4,64
57,2/12/24 12:58:29,2/12/24 13:06:58,"Spanish","Universidad Complutense de Madrid","Nursing","First","19","F",0,0,1,0,0,0,0,1,0,0,1,0,3,4,5,3,4,4,2,4,5,5,5,4,3,5,4,3,60
58,2/12/24 13:52:03,2/12/24 13:57:51,"Spanish","Universidad Complutense de Madrid","Physiotherapy","First","18","F",1,0,1,0,0,1,0,1,0,1,1,0,6,4,3,1,2,5,1,3,1,5,6,2,4,5,3,4,53
59,2/12/24 14:02:37,2/12/24 14:12:47,"Spanish","Universidad Complutense de Madrid","Physiotherapy","First","18","F",1,0,1,1,1,0,0,1,0,1,1,0,7,5,4,2,1,1,5,5,3,3,3,1,2,3,5,2,39
60,2/12/24 14:16:15,2/12/24 14:21:16,"Spanish","Universidad Complutense de Madrid","Nursing","First","18","F",0,0,1,1,1,0,1,1,0,0,1,1,7,2,6,5,2,5,3,5,7,6,6,5,5,5,5,3,70
61,2/12/24 14:36:42,2/12/24 14:45:25,"Spanish","Universidad Complutense de Madrid","Physiotherapy","First","19","F",1,0,1,1,1,0,0,0,0,0,0,0,4,5,7,4,4,5,5,4,5,3,3,3,2,2,5,4,57
62,2/12/24 16:34:31,2/12/24 16:38:26,"Spanish","Universidad CEU Cardenal Herrera","Pharmacy","First","18","F",0,0,1,0,0,0,1,1,0,1,1,0,5,3,5,4,6,3,3,3,6,5,4,3,4,3,4,3,63
63,2/12/24 16:38:40,2/12/24 16:43:27,"Spanish","Universidad CEU Cardenal Herrera","Nursing","Last","28","F",0,0,1,1,0,0,0,0,1,0,0,0,3,6,7,5,7,5,4,3,6,4,6,3,2,2,5,3,64
64,2/12/24 16:48:48,2/12/24 16:52:22,"Spanish","Universidad CEU Cardenal Herrera","Nursing","Last","22","F",1,0,1,0,1,0,0,1,0,0,1,0,5,2,5,6,3,4,1,4,3,5,6,2,1,2,6,5,55
65,2/12/24 16:50:57,2/12/24 16:55:44,"Spanish","Universidad Complutense de Madrid","Nursing","First","18","M",1,0,1,1,1,1,0,1,1,1,1,1,10,4,6,5,3,7,4,5,4,4,5,7,7,5,6,4,70
66,2/12/24 17:05:57,2/12/24 17:11:33,"English","Universidad CEU Cardenal Herrera","Pharmacy","Last","27","F",0,0,1,0,1,0,1,0,0,1,1,0,5,3,6,3,5,3,1,5,6,5,7,3,3,6,2,5,67
67,2/12/24 17:13:20,2/12/24 17:19:14,"Spanish","Universidad Complutense de Madrid","Physiotherapy","First","18","F",0,0,1,1,1,0,1,1,0,0,1,1,7,5,7,2,3,5,6,7,1,3,7,4,2,7,3,3,59
68,2/12/24 18:05:06,2/12/24 18:09:44,"Spanish","Universidad Complutense de Madrid","Nursing","First","18","F",0,0,1,1,1,0,0,1,0,0,1,0,5,1,7,2,4,3,2,5,5,5,5,1,1,4,3,3,57
69,2/12/24 13:13:30,2/12/24 18:13:23,"Spanish","Universidad Complutense de Madrid","Nursing","First","19","F",0,0,1,1,1,0,1,1,1,0,1,1,8,5,7,6,7,6,5,5,7,6,6,5,5,6,7,5,78
70,2/12/24 18:49:58,2/12/24 18:55:22,"Spanish","Universidad CEU Cardenal Herrera","Pharmacy","Last","23","F",0,0,1,1,1,0,0,1,0,1,1,1,7,7,7,4,7,4,7,7,7,7,4,1,3,2,7,7,63
71,2/12/24 21:14:09,2/12/24 21:18:10,"Spanish","Universidad Complutense de Madrid","Physiotherapy","First","18","F",0,0,1,1,1,0,0,0,1,0,1,0,5,5,3,5,6,3,4,5,3,2,6,4,1,5,5,3,54
72,2/12/24 21:48:05,2/12/24 21:53:26,"Spanish","Universidad Complutense de Madrid","Physiotherapy","First","25","F",0,0,1,1,1,0,1,1,0,1,1,1,8,7,4,2,4,4,7,5,5,7,6,4,4,7,3,6,69
73,2/12/24 22:05:56,2/12/24 22:25:56,"Spanish","Universidad CEU Cardenal Herrera","Nursing","First","49","F",0,0,1,0,0,0,0,1,0,0,1,0,3,1,7,7,7,6,2,5,7,7,5,6,6,5,3,3,83
74,2/13/24 9:21:21,2/13/24 9:27:01,"Spanish","Universidad CEU Cardenal Herrera","Medicine","First","18","F",0,0,1,0,1,1,0,1,1,0,1,1,7,6,4,1,6,3,3,5,5,6,6,5,2,6,6,3,57
75,2/13/24 9:05:55,2/13/24 10:00:53,"Spanish","Universidad CEU Cardenal Herrera","Medicine","First","19","F",0,0,1,1,0,0,0,1,0,0,1,0,4,2,6,5,4,4,2,4,4,6,6,4,4,5,4,3,67
76,2/13/24 10:04:52,2/13/24 10:10:29,"Spanish","Universidad CEU Cardenal Herrera","Medicine","Last","23","F",1,0,1,1,1,1,1,1,0,0,1,0,8,3,3,2,6,5,3,5,3,5,6,4,3,5,5,3,59
77,2/13/24 10:07:20,2/13/24 10:12:41,"Spanish","Universidad CEU Cardenal Herrera","Medicine","First","18","F",0,0,1,0,0,0,0,1,1,0,1,1,5,4,6,5,4,2,4,5,6,7,6,4,2,4,5,2,62
78,2/13/24 10:38:34,2/13/24 10:45:04,"Spanish","Universidad CEU Cardenal Herrera","Physiotherapy","First","18","M",0,0,1,0,0,0,1,1,0,1,1,1,6,5,6,7,3,3,2,6,7,7,4,3,3,4,5,5,62
79,2/13/24 10:37:34,2/13/24 10:45:32,"Spanish","Universidad CEU Cardenal Herrera","Physiotherapy","First","21","F",1,0,0,1,1,1,0,1,0,0,1,0,6,1,7,7,6,5,7,6,7,7,7,4,4,7,6,2,81
80,2/13/24 10:48:49,2/13/24 10:55:03,"Spanish","Universidad CEU Cardenal Herrera","Physiotherapy","First","39","F",1,0,1,1,1,0,1,1,0,1,1,0,8,2,1,1,7,1,2,4,7,6,5,2,2,5,6,5,56
81,2/13/24 11:07:10,2/13/24 11:13:26,"Spanish","Universidad CEU Cardenal Herrera","Physiotherapy","First","23","M",0,0,1,0,0,1,1,1,0,1,1,0,6,3,3,4,3,1,1,2,7,5,5,1,2,7,6,6,58
82,2/13/24 11:11:43,2/13/24 11:16:57,"Spanish","Universidad CEU Cardenal Herrera","Physiotherapy","First","18","F",0,0,1,1,1,0,0,1,0,1,1,1,7,4,4,4,3,5,3,3,5,5,6,3,3,4,3,3,62
83,2/13/24 11:15:33,2/13/24 11:23:07,"Spanish","Universidad CEU Cardenal Herrera","Medicine","Last","23","F",0,0,1,0,1,0,1,1,0,1,1,0,6,5,3,3,6,2,1,4,2,7,4,1,2,3,6,1,44
84,2/13/24 11:14:55,2/13/24 11:23:18,"Spanish","Universidad CEU Cardenal Herrera","Physiotherapy","First","19","F",0,0,1,1,1,0,1,1,1,1,1,1,9,4,3,5,7,4,5,4,4,3,6,4,4,6,5,2,64
85,2/13/24 11:17:34,2/13/24 11:26:51,"Spanish","Universidad CEU Cardenal Herrera","Physiotherapy","First","49","M",0,0,1,1,1,1,1,1,0,1,1,1,9,4,5,3,5,7,4,4,1,7,6,5,1,3,6,2,59
86,2/13/24 12:12:26,2/13/24 12:19:42,"Spanish","Universidad Complutense de Madrid","Physiotherapy","First","21","F",1,0,1,0,1,0,0,1,1,1,1,1,8,5,6,3,5,4,2,4,6,5,6,2,4,5,5,6,64
87,2/13/24 12:12:46,2/13/24 12:19:43,"Spanish","Universidad Complutense de Madrid","Physiotherapy","First","20","F",1,0,1,0,1,0,0,1,1,1,1,1,8,5,5,3,5,4,2,4,6,5,6,2,4,5,6,6,62
88,2/13/24 13:16:56,2/13/24 13:25:29,"Spanish","Universidad CEU Cardenal Herrera","Physiotherapy","First","45","M",0,0,1,1,1,1,0,1,1,0,1,1,8,1,7,7,7,7,1,7,7,7,7,7,1,7,4,7,84
89,2/13/24 10:45:51,2/13/24 13:44:46,"Spanish","Universidad CEU Cardenal Herrera","Physiotherapy","Last","26","F",0,0,1,1,1,0,1,1,1,1,1,1,9,2,3,1,6,6,2,4,3,1,6,5,1,5,3,3,57
90,2/13/24 13:46:53,2/13/24 13:51:47,"Spanish","Universidad CEU Cardenal Herrera","Pharmacy","First","22","F",0,0,1,1,1,1,0,1,1,1,1,1,9,7,5,5,4,4,4,4,4,7,6,4,4,5,5,5,65
91,2/13/24 14:02:26,2/13/24 14:06:09,"Spanish","Universidad Complutense de Madrid","Physiotherapy","First","18","F",0,0,1,1,0,0,1,1,1,1,1,0,7,2,6,4,4,6,5,5,5,5,6,5,2,5,5,5,70
92,2/13/24 15:09:45,2/13/24 15:28:30,"Spanish","Universidad CEU Cardenal Herrera","Physiotherapy","First","19","F",0,0,1,0,1,0,0,1,1,0,1,1,6,3,4,3,3,3,4,4,5,3,6,3,2,5,3,2,57
93,2/13/24 15:13:33,2/13/24 15:32:51,"Spanish","Universidad CEU Cardenal Herrera","Physiotherapy","Last","24","M",0,0,1,1,1,0,1,1,1,1,1,1,9,3,4,3,1,1,2,4,3,4,7,5,5,4,6,3,53
94,2/13/24 15:42:59,2/13/24 15:46:06,"Spanish","Universidad CEU San Pablo","Physiotherapy","First","18","F",0,0,1,1,1,0,1,1,1,0,1,1,8,5,5,5,4,3,5,3,6,6,3,6,3,4,4,4,66
95,2/13/24 15:53:50,2/13/24 15:59:09,"Spanish","Universidad CEU Cardenal Herrera","Physiotherapy","First","18","M",1,0,1,1,1,0,0,1,0,0,1,1,7,5,7,6,3,5,5,6,7,7,6,4,1,6,6,5,69
96,2/13/24 16:10:09,2/13/24 16:21:36,"Spanish","Universidad CEU Cardenal Herrera","Physiotherapy","First","19","M",0,0,1,0,1,1,0,0,1,0,0,1,5,4,5,5,5,6,5,4,6,4,5,4,4,3,3,5,70
97,2/13/24 16:29:39,2/13/24 16:36:44,"Spanish","Universidad Complutense de Madrid","Nursing","First","18","F",0,0,1,0,0,0,0,1,0,0,0,0,2,4,4,4,4,4,4,4,4,2,4,4,1,2,5,1,49
98,2/13/24 17:26:34,2/13/24 17:31:42,"Spanish","Universidad de Alcalá","Physiotherapy","Last","24","F",0,0,1,1,1,0,1,1,1,1,1,0,8,7,5,2,2,2,2,3,2,2,2,1,1,2,6,2,33
99,2/13/24 17:42:51,2/13/24 17:48:20,"Spanish","Universidad CEU Cardenal Herrera","Physiotherapy","Last","27","F",0,0,1,1,1,1,0,1,0,1,1,1,8,7,7,5,7,4,3,6,7,7,6,5,5,6,5,6,74
100,2/13/24 19:43:27,2/13/24 19:47:56,"Spanish","Universidad Complutense de Madrid","Physiotherapy","First","18","F",0,0,1,0,0,1,0,1,0,1,1,1,6,3,6,4,6,6,2,4,5,6,7,4,5,5,5,5,73
101,2/14/24 7:10:02,2/14/24 7:20:10,"Spanish","Universidad CEU Cardenal Herrera","Physiotherapy","Last","36","F",0,0,1,1,1,1,1,1,1,1,1,1,10,7,4,5,5,2,4,5,5,7,6,4,2,6,5,7,64
102,2/14/24 11:54:37,2/14/24 11:57:50,"Spanish","Universidad Complutense de Madrid","Physiotherapy","First","19","F",0,0,0,1,1,1,1,1,1,0,1,0,7,2,3,4,2,4,4,4,6,4,6,2,2,5,2,2,60
103,2/14/24 13:23:28,2/14/24 13:35:29,"English","Universidad CEU Cardenal Herrera","Physiotherapy","First","18","F",0,0,1,1,1,1,1,0,1,1,1,1,9,2,6,4,4,5,2,5,7,6,5,6,5,5,4,5,73
104,2/14/24 18:21:52,2/14/24 18:30:47,"Spanish","Universidad Complutense de Madrid","Nursing","First","24","F",1,0,1,0,0,1,1,1,0,0,1,0,6,7,7,3,4,4,1,4,4,4,7,4,3,7,5,1,57
105,2/14/24 18:46:59,2/14/24 18:52:55,"Spanish","Universidad Complutense de Madrid","Physiotherapy","First","19","M",0,0,1,1,1,0,0,1,0,0,1,1,6,3,6,4,5,5,1,5,3,7,6,5,3,5,6,3,63
106,2/14/24 20:04:45,2/14/24 20:10:14,"Spanish","Universidad Complutense de Madrid","Physiotherapy","Last","21","M",0,0,1,1,1,1,1,1,1,1,1,1,10,5,6,5,7,4,5,7,6,7,7,4,3,7,6,5,72
107,2/14/24 22:59:03,2/14/24 23:15:20,"Spanish","Universidad CEU Cardenal Herrera","Physiotherapy","Last","23","F",0,0,1,1,0,0,0,1,0,1,1,0,5,6,5,2,3,4,5,4,5,2,7,3,2,7,7,3,55
108,2/14/24 23:19:52,2/14/24 23:24:07,"Spanish","Universidad Complutense de Madrid","Physiotherapy","Last","21","F",0,0,1,1,1,1,1,1,1,1,1,1,10,2,1,2,5,6,4,5,2,3,6,3,1,7,4,4,57
109,2/14/24 23:59:14,2/15/24 0:03:41,"Spanish","Universidad Complutense de Madrid","Nursing","First","21","F",0,0,1,1,1,1,0,1,1,1,1,1,9,4,6,5,6,5,4,3,4,6,6,5,4,4,6,7,73
110,2/15/24 0:04:20,2/15/24 0:08:25,"Spanish","Universidad Complutense de Madrid","Physiotherapy","First","22","F",0,0,1,1,1,0,1,1,1,0,1,0,7,3,5,3,3,4,3,4,3,7,7,4,6,6,4,3,67
111,2/15/24 7:24:58,2/15/24 7:31:42,"Spanish","Universidad Complutense de Madrid","Physiotherapy","Last","21","F",1,0,1,1,1,1,1,1,1,1,1,1,11,6,1,4,1,4,4,3,1,4,7,1,1,7,4,1,47
112,2/15/24 13:38:52,2/15/24 13:44:51,"Spanish","Universidad Complutense de Madrid","Physiotherapy","Last","22","F",1,0,1,1,1,0,0,1,0,0,1,1,7,6,2,2,1,3,5,4,3,5,6,2,1,1,1,2,46
113,2/15/24 15:01:23,2/15/24 15:11:04,"Spanish","Universidad Complutense de Madrid","Physiotherapy","Last","21","F",0,0,1,0,1,0,1,1,1,1,1,0,7,1,5,2,6,1,6,4,5,1,6,1,1,7,4,2,58
114,2/15/24 20:05:27,2/15/24 20:11:30,"Spanish","Universidad Complutense de Madrid","Nursing","First","18","F",0,0,1,0,0,0,0,1,0,1,1,1,5,6,3,1,3,1,5,7,3,2,5,3,3,5,3,3,45
115,2/16/24 15:53:06,2/16/24 15:58:18,"Spanish","Universidad CEU Cardenal Herrera","Physiotherapy","Last","29","M",0,0,1,1,1,0,0,1,1,1,1,0,7,4,7,4,4,4,1,4,5,7,6,6,4,4,5,4,67
116,2/16/24 20:01:58,2/16/24 20:05:34,"Spanish","Universidad CEU Cardenal Herrera","Nursing","Last","26","M",1,0,0,0,0,0,1,1,0,0,1,1,5,5,6,6,5,4,3,5,7,5,6,3,6,6,4,4,71
117,2/16/24 20:02:13,2/16/24 20:06:20,"Spanish","Universidad CEU Cardenal Herrera","Nursing","Last","21","M",0,0,1,1,1,1,0,1,1,1,1,0,8,7,7,7,1,4,1,7,7,7,7,1,1,7,7,1,54
118,2/16/24 20:01:49,2/16/24 20:06:32,"Spanish","Universidad CEU Cardenal Herrera","Nursing","Last","21","F",0,0,1,1,1,1,0,1,1,1,1,0,8,5,6,6,1,7,1,6,5,7,6,3,5,6,4,5,67
119,2/16/24 20:02:00,2/16/24 20:10:30,"Spanish","Universidad CEU Cardenal Herrera","Nursing","First","19","F",1,0,1,1,1,0,0,0,0,1,1,0,6,2,5,7,3,4,1,5,7,5,7,5,7,7,5,7,77
120,2/16/24 20:17:47,2/16/24 20:24:57,"Spanish","Universidad CEU San Pablo","Nursing","First","24","F",0,0,1,0,1,1,1,1,0,1,1,0,7,1,1,2,3,3,1,4,7,7,7,3,2,6,4,6,63
121,2/16/24 20:08:27,2/16/24 20:29:18,"Spanish","Universidad CEU Cardenal Herrera","Nursing","First","18","F",0,0,1,1,1,1,0,0,0,0,1,0,5,2,6,6,2,1,2,7,7,2,5,4,2,3,5,4,54
122,2/16/24 20:50:28,2/16/24 21:06:34,"Spanish","Universidad CEU Cardenal Herrera","Nursing","Last","25","F",0,0,1,1,1,1,1,0,1,1,1,1,9,6,7,3,7,5,7,3,7,5,6,5,6,5,4,5,79
123,2/16/24 21:10:37,2/16/24 21:19:08,"Spanish","Universidad CEU Cardenal Herrera","Nursing","Last","23","M",0,0,1,1,1,1,0,0,0,1,1,0,6,1,7,7,1,1,1,7,7,4,4,5,7,7,4,1,64
124,2/16/24 21:31:24,2/16/24 21:36:43,"Spanish","Universidad CEU Cardenal Herrera","Nursing","Last","29","F",1,0,0,1,1,1,0,1,0,0,1,1,7,5,4,7,7,7,1,5,4,7,7,1,2,7,3,6,71
125,2/17/24 11:10:57,2/17/24 11:20:09,"Spanish","Universidad CEU Cardenal Herrera","Nursing","First","30","M",0,0,1,1,1,1,0,1,1,1,1,0,8,1,7,7,7,4,1,7,7,7,7,5,5,7,7,1,74
126,2/17/24 13:28:27,2/17/24 13:33:50,"Spanish","Universidad CEU Cardenal Herrera","Nursing","First","21","F",0,0,1,1,1,0,1,1,1,1,1,0,8,6,7,5,6,6,2,5,7,6,6,4,5,6,3,3,73
127,2/18/24 0:08:04,2/18/24 0:16:50,"Spanish","Universidad CEU Cardenal Herrera","Physiotherapy","First","22","F",1,0,1,1,0,1,0,1,1,0,1,1,8,6,6,3,4,7,4,4,6,7,7,5,4,7,5,4,73
128,2/19/24 10:31:24,2/19/24 10:38:22,"Spanish","Universidad CEU Cardenal Herrera","Nursing","First","18","M",0,0,1,1,1,0,0,1,0,1,1,1,7,3,6,5,7,4,5,5,7,1,6,5,3,6,5,5,71
129,2/19/24 12:23:36,2/19/24 12:28:20,"Spanish","Universidad CEU Cardenal Herrera","Nursing","First","20","F",0,0,1,0,1,1,0,1,1,1,1,1,8,4,6,4,4,4,4,4,6,5,6,4,3,3,5,6,66
130,2/21/24 10:26:01,2/21/24 10:31:18,"Spanish","Universidad CEU San Pablo","Pharmacy","Last","24","F",0,0,1,1,0,0,1,1,0,1,1,1,7,3,3,4,7,4,2,4,3,3,5,2,1,5,6,5,55
131,2/21/24 10:57:22,2/21/24 11:03:37,"English","Universidad CEU San Pablo","Physiotherapy","Last","24","F",0,0,1,1,1,0,1,1,1,1,1,0,8,5,2,5,3,5,2,4,3,3,6,4,2,6,3,2,55
132,2/21/24 11:07:05,2/21/24 11:12:59,"English","Universidad CEU San Pablo","Physiotherapy","Last","22","F",1,0,1,1,1,0,0,0,1,1,1,0,7,5,5,6,3,4,4,5,4,5,5,3,3,7,6,2,59
133,2/21/24 12:11:26,2/21/24 12:15:39,"Spanish","Universidad CEU San Pablo","Medicine","Last","24","F",0,0,1,0,1,0,1,1,1,0,1,0,6,3,5,6,7,6,4,4,3,5,5,5,4,5,3,3,72
134,2/21/24 12:22:52,2/21/24 12:30:50,"Spanish","Universidad CEU San Pablo","Pharmacy","Last","23","M",0,0,1,1,0,0,0,1,0,0,1,0,4,1,7,4,3,5,1,4,7,5,4,3,2,4,4,2,62
135,2/21/24 12:29:04,2/21/24 12:32:47,"Spanish","Universidad CEU San Pablo","Medicine","Last","23","M",1,0,1,1,1,0,1,1,1,0,1,1,9,5,3,1,4,2,4,3,2,3,3,2,3,3,7,1,40
136,2/21/24 12:33:27,2/21/24 12:37:18,"Spanish","Universidad CEU San Pablo","Medicine","First","18","F",0,0,1,0,1,0,1,1,0,1,1,1,7,3,6,4,3,6,1,5,6,3,4,2,3,4,5,1,54
137,2/21/24 12:31:06,2/21/24 12:37:42,"English","Universidad CEU San Pablo","Physiotherapy","Last","23","F",1,0,1,1,1,0,1,0,1,1,1,1,9,5,3,3,3,4,3,3,5,5,6,4,3,5,5,3,58
138,2/21/24 15:04:43,2/21/24 15:08:55,"Spanish","Universidad CEU San Pablo","Medicine","First","19","F",0,0,1,1,0,0,0,1,1,1,1,1,7,2,7,4,2,1,1,4,7,4,6,5,1,3,5,1,55
139,2/21/24 15:34:48,2/21/24 15:50:33,"Spanish","Universidad CEU San Pablo","Physiotherapy","Last","23","F",0,0,1,1,0,1,1,1,1,1,1,0,8,2,3,3,2,4,4,5,1,2,5,5,2,4,5,3,50
140,2/21/24 16:31:38,2/21/24 16:38:07,"Spanish","Universidad CEU San Pablo","Pharmacy","First","18","F",1,0,1,1,1,0,1,0,0,1,0,0,6,2,5,6,4,6,1,4,7,7,7,3,7,4,7,7,75
141,2/21/24 17:58:12,2/21/24 18:07:26,"English","Universidad CEU San Pablo","Physiotherapy","Last","24","M",1,1,1,1,1,1,1,1,1,1,1,1,12,3,2,4,4,5,4,3,2,3,6,2,3,6,4,2,57
142,2/21/24 18:54:38,2/21/24 19:00:13,"English","Universidad CEU San Pablo","Nursing","First","19","F",1,1,1,1,1,1,1,1,1,1,1,1,12,3,5,5,5,6,2,6,5,5,6,4,4,5,4,2,65
143,2/21/24 19:12:04,2/21/24 19:17:47,"Spanish","Universidad CEU San Pablo","Medicine","First","18","F",0,0,1,0,0,0,1,1,0,1,1,1,6,3,6,3,1,4,4,4,6,7,5,4,4,4,4,4,65
144,2/22/24 7:56:03,2/22/24 8:02:16,"Spanish","Universidad CEU San Pablo","Pharmacy","First","18","F",0,0,1,1,1,1,0,0,0,1,1,0,6,4,5,5,4,4,3,5,5,5,3,4,4,3,5,5,60
145,2/22/24 8:51:27,2/22/24 9:09:35,"Spanish","Universidad CEU San Pablo","Nursing","First","21","F",0,0,1,0,1,0,1,1,0,0,1,1,6,2,7,6,7,6,1,1,5,7,7,3,1,7,4,6,80
146,2/22/24 9:04:37,2/22/24 9:10:27,"Spanish","Universidad de Alcalá","Physiotherapy","Last","30","F",1,1,1,1,1,1,1,1,1,1,1,1,12,5,1,6,3,2,1,2,1,7,6,1,2,5,5,2,49
147,2/22/24 10:02:51,2/22/24 10:08:21,"Spanish","Universidad CEU San Pablo","Medicine","First","18","M",1,0,1,1,0,0,0,1,0,0,1,1,6,1,7,7,5,5,2,5,6,5,6,5,4,5,4,4,75
148,2/22/24 12:49:47,2/22/24 12:53:18,"Spanish","Universidad de Castilla-La Mancha","Physiotherapy","First","18","M",0,0,1,1,1,1,0,1,1,1,0,1,8,4,5,5,5,4,6,2,2,4,4,5,5,5,3,6,71
149,2/22/24 12:50:43,2/22/24 12:55:35,"Spanish","Universidad de Castilla-La Mancha","Physiotherapy","First","18","F",0,0,1,1,1,1,0,1,1,0,1,1,8,1,4,4,5,5,4,4,5,6,5,4,4,5,4,5,71
150,2/22/24 12:50:40,2/22/24 12:55:49,"Spanish","Universidad de Castilla-La Mancha","Physiotherapy","First","18","M",0,0,1,1,0,1,1,1,0,1,1,0,7,3,5,4,2,4,3,4,7,5,7,1,1,4,5,2,57
151,2/22/24 12:50:35,2/22/24 12:55:58,"Spanish","Universidad de Castilla-La Mancha","Physiotherapy","First","19","F",0,0,1,0,0,1,0,1,0,1,1,0,5,6,5,2,5,5,3,5,5,6,6,3,6,5,4,3,63
152,2/22/24 12:51:39,2/22/24 12:56:36,"Spanish","Universidad de Castilla-La Mancha","Physiotherapy","First","20","F",1,0,1,0,1,0,0,0,0,1,1,1,6,5,7,4,7,3,4,3,5,7,6,1,2,4,6,6,66
153,2/22/24 12:51:33,2/22/24 12:57:38,"Spanish","Universidad de Castilla-La Mancha","Physiotherapy","First","18","F",0,0,1,1,1,0,1,1,0,1,1,0,7,4,2,3,3,5,4,4,5,2,5,4,2,4,6,2,51
154,2/22/24 12:56:35,2/22/24 12:59:45,"Spanish","Universidad de Castilla-La Mancha","Physiotherapy","First","22","M",0,0,0,1,1,0,1,1,1,0,0,0,5,4,4,3,4,2,4,6,3,2,5,4,3,6,2,6,58
155,2/22/24 12:51:16,2/22/24 12:59:50,"Spanish","Universidad de Castilla-La Mancha","Physiotherapy","First","18","F",0,0,1,1,1,0,0,1,0,1,1,1,7,2,6,5,6,4,2,4,6,6,5,4,3,5,5,5,70
156,2/22/24 12:56:54,2/22/24 13:01:23,"Spanish","Universidad de Castilla-La Mancha","Physiotherapy","First","18","M",0,0,1,1,0,0,0,1,1,0,1,0,5,3,6,2,4,1,2,4,5,6,7,2,3,5,2,2,60
157,2/22/24 12:52:18,2/22/24 13:03:51,"Spanish","Universidad de Castilla-La Mancha","Physiotherapy","First","18","F",0,0,1,0,0,1,1,1,0,0,0,0,4,4,5,2,6,4,3,2,5,5,5,1,4,3,5,3,59
158,2/22/24 12:53:03,2/22/24 13:06:08,"Spanish","Universidad de Castilla-La Mancha","Physiotherapy","First","18","M",0,0,0,1,1,0,0,0,0,0,1,0,3,3,7,4,6,3,4,5,4,5,4,5,3,6,3,3,67
159,2/22/24 13:01:30,2/22/24 13:06:27,"Spanish","Universidad CEU San Pablo","Medicine","First","18","F",0,0,1,0,0,0,1,1,0,1,1,1,6,6,5,3,6,6,6,4,3,6,6,6,2,5,4,2,66
160,2/22/24 12:57:12,2/22/24 13:09:36,"Spanish","Universidad de Castilla-La Mancha","Physiotherapy","First","23","F",0,0,1,1,1,0,1,1,1,1,1,0,8,1,6,4,6,7,1,4,6,7,5,5,4,7,2,1,76
161,2/22/24 13:08:15,2/22/24 13:10:05,"Spanish","Universidad de Castilla-La Mancha","Physiotherapy","First","21","M",0,0,1,0,1,0,0,0,1,1,1,1,6,5,3,5,5,5,3,5,3,3,5,3,5,3,5,3,55
162,2/22/24 12:55:40,2/22/24 13:10:06,"Spanish","Universidad de Castilla-La Mancha","Physiotherapy","First","18","F",1,0,1,1,1,0,1,1,1,1,1,0,9,3,6,6,4,3,1,1,4,5,6,2,5,7,5,2,66
163,2/22/24 12:56:15,2/22/24 13:10:06,"Spanish","Universidad de Castilla-La Mancha","Physiotherapy","First","19","F",1,0,1,1,1,0,1,1,1,1,1,0,9,3,6,6,4,3,1,2,4,5,6,2,5,6,5,2,64
164,2/22/24 12:52:14,2/22/24 13:11:24,"Spanish","Universidad de Castilla-La Mancha","Physiotherapy","First","18","F",0,1,1,1,1,0,0,1,0,1,1,0,7,2,7,5,7,3,1,4,7,6,5,2,4,5,5,1,66
165,2/22/24 13:08:52,2/22/24 13:14:48,"Spanish","Universidad de Castilla-La Mancha","Physiotherapy","First","18","M",0,0,1,1,1,1,0,1,1,1,1,0,8,5,4,2,2,4,5,4,5,4,5,2,1,4,4,4,53
166,2/22/24 13:07:31,2/22/24 13:14:57,"Spanish","Universidad de Castilla-La Mancha","Physiotherapy","First","18","M",0,0,1,1,1,0,0,1,0,1,1,1,7,6,7,4,5,1,2,4,7,6,6,4,4,6,1,6,71
167,2/22/24 13:26:16,2/22/24 13:30:56,"Spanish","Universidad de Castilla-La Mancha","Physiotherapy","First","18","F",0,0,1,0,1,0,1,1,1,1,1,0,7,5,4,3,5,4,3,2,5,5,6,3,2,6,5,3,61
168,2/22/24 13:28:05,2/22/24 13:31:57,"Spanish","Universidad de Castilla-La Mancha","Physiotherapy","First","18","F",0,0,1,0,1,0,0,1,1,0,1,0,5,4,3,5,3,2,1,3,6,3,7,2,1,6,5,4,55
169,2/22/24 13:32:50,2/22/24 13:38:26,"Spanish","Universidad de Castilla-La Mancha","Physiotherapy","First","22","M",1,0,0,1,1,0,0,1,1,0,1,0,6,5,1,4,4,2,4,5,2,6,4,3,3,6,4,6,55
170,2/22/24 13:35:28,2/22/24 13:41:29,"Spanish","Universidad de Castilla-La Mancha","Physiotherapy","First","20","M",0,0,1,1,1,0,1,1,0,1,0,1,7,1,7,4,2,4,2,3,6,1,4,4,6,6,2,2,66
171,2/22/24 13:55:30,2/22/24 13:59:31,"Spanish","Universidad de Castilla-La Mancha","Physiotherapy","First","18","F",0,0,1,0,1,1,0,1,1,1,1,0,7,2,6,4,6,3,2,4,7,7,6,2,1,5,4,5,68
172,2/22/24 13:57:32,2/22/24 14:04:04,"Spanish","Universidad de Castilla-La Mancha","Physiotherapy","First","19","M",0,0,0,0,1,0,0,1,0,1,1,0,4,4,3,3,3,4,1,5,5,6,6,4,2,5,5,4,56
173,2/22/24 13:55:39,2/22/24 14:06:41,"Spanish","Universidad de Castilla-La Mancha","Physiotherapy","First","19","F",0,0,1,0,1,0,1,1,0,1,1,0,6,4,5,5,5,4,4,4,5,5,5,3,4,5,5,3,64
174,2/22/24 14:06:03,2/22/24 14:17:08,"Spanish","Universidad de Castilla-La Mancha","Physiotherapy","First","22","M",0,0,1,1,1,1,1,1,0,1,1,0,8,3,5,4,4,5,6,4,3,5,5,4,4,4,4,3,65
175,2/22/24 14:06:08,2/22/24 14:26:09,"Spanish","Universidad de Castilla-La Mancha","Physiotherapy","First","18","M",1,0,1,0,0,0,0,1,0,0,1,0,4,2,4,3,6,3,4,4,5,5,5,3,2,4,5,5,62
176,2/22/24 14:26:29,2/22/24 14:31:47,"Spanish","Universidad de Castilla-La Mancha","Physiotherapy","First","18","M",0,0,1,0,1,0,0,1,0,1,1,0,5,5,6,3,4,2,2,4,4,4,5,2,4,4,3,5,57
177,2/22/24 14:31:06,2/22/24 14:35:05,"Spanish","Universidad de Castilla-La Mancha","Physiotherapy","First","18","M",0,0,1,0,0,0,0,1,0,1,1,0,4,4,3,3,5,4,1,3,7,5,7,4,1,5,3,3,62
178,2/22/24 14:24:47,2/22/24 14:39:22,"Spanish","Universidad de Castilla-La Mancha","Physiotherapy","First","18","F",0,0,1,1,0,0,1,1,0,1,1,0,6,2,7,4,3,6,3,6,6,7,7,4,4,7,5,2,71
179,2/22/24 14:26:21,2/22/24 14:39:28,"Spanish","Universidad de Castilla-La Mancha","Physiotherapy","First","18","F",0,0,1,1,1,0,1,1,0,1,1,1,8,2,7,4,5,6,3,6,7,7,7,4,3,7,5,1,72
180,2/22/24 14:39:17,2/22/24 14:47:52,"Spanish","Universidad de Castilla-La Mancha","Physiotherapy","First","18","F",0,0,1,1,1,0,0,1,0,1,1,1,7,3,7,5,1,6,2,2,5,6,5,4,1,6,2,2,67
181,2/22/24 14:43:28,2/22/24 14:52:01,"Spanish","Universidad de Castilla-La Mancha","Physiotherapy","First","18","F",0,0,1,1,1,0,0,1,0,1,1,0,6,1,7,5,2,4,2,1,7,6,7,2,5,6,3,2,74
182,2/22/24 15:00:07,2/22/24 15:05:07,"Spanish","Universidad de Castilla-La Mancha","Physiotherapy","First","18","M",0,0,1,1,1,0,1,1,0,1,0,0,6,3,7,7,7,7,7,4,7,7,7,1,2,7,5,1,79
183,2/22/24 15:33:21,2/22/24 15:36:55,"Spanish","Universidad de Castilla-La Mancha","Physiotherapy","First","18","F",0,0,1,1,1,0,1,1,0,1,1,0,7,2,4,3,2,5,6,4,5,3,2,6,5,2,5,5,61
184,2/22/24 15:44:36,2/22/24 15:49:44,"Spanish","Universidad de Castilla-La Mancha","Physiotherapy","First","18","M",0,0,1,1,1,1,0,1,0,1,1,1,8,6,5,3,6,4,4,6,4,4,7,4,6,4,7,7,63
185,2/22/24 15:52:36,2/22/24 15:58:35,"Spanish","Universidad de Castilla-La Mancha","Physiotherapy","First","18","M",1,0,1,1,1,0,1,1,0,0,1,1,8,3,2,3,1,4,1,5,7,6,5,4,1,5,4,3,54
186,2/22/24 16:04:34,2/22/24 16:11:17,"Spanish","Universidad de Castilla-La Mancha","Physiotherapy","First","20","F",1,0,1,1,1,0,0,1,0,1,0,1,7,3,5,5,5,3,3,3,5,4,5,3,2,3,6,4,59
187,2/22/24 16:13:34,2/22/24 16:18:11,"Spanish","Universidad de Castilla-La Mancha","Physiotherapy","First","18","F",0,0,0,0,1,0,1,1,1,0,1,0,5,4,5,7,5,6,2,6,5,4,7,4,3,6,2,6,72
188,2/22/24 16:30:15,2/22/24 16:36:21,"Spanish","Universidad de Castilla-La Mancha","Physiotherapy","First","19","F",0,0,1,1,1,0,0,1,0,0,1,1,6,5,5,7,7,4,5,4,5,6,4,2,6,3,3,7,73
189,2/22/24 16:35:14,2/22/24 16:39:02,"Spanish","Universidad CEU San Pablo","Pharmacy","Last","22","F",1,0,1,1,1,1,0,1,1,1,0,1,9,2,4,5,2,4,1,6,6,7,5,3,7,5,5,2,62
190,2/22/24 17:31:25,2/22/24 17:38:19,"Spanish","Universidad CEU San Pablo","Pharmacy","Last","23","F",0,0,1,1,1,1,1,1,0,0,1,1,8,2,6,5,6,5,1,4,5,7,7,4,6,5,4,3,74
191,2/22/24 17:38:02,2/22/24 17:41:34,"Spanish","Universidad CEU San Pablo","Medicine","First","19","F",0,0,1,0,0,0,0,1,0,0,0,0,2,2,7,4,4,5,1,5,6,4,6,2,2,3,4,1,58
192,2/22/24 17:37:38,2/22/24 17:57:56,"Spanish","Universidad CEU San Pablo","Physiotherapy","Last","24","M",1,0,1,1,1,1,1,1,1,0,1,0,9,2,2,6,7,4,1,4,7,7,7,4,3,7,5,5,73
193,2/22/24 17:45:16,2/22/24 18:00:12,"English","Universidad CEU San Pablo","Physiotherapy","Last","22","F",1,1,1,0,0,0,0,0,0,1,1,0,5,4,2,2,3,2,3,4,2,4,5,2,2,6,6,2,45
194,2/22/24 18:18:21,2/22/24 18:26:54,"Spanish","Universidad de Castilla-La Mancha","Physiotherapy","First","33","F",0,0,1,0,1,0,0,1,1,1,1,1,7,1,4,3,5,3,1,5,6,3,6,2,3,6,5,2,57
195,2/22/24 18:59:24,2/22/24 19:08:05,"Spanish","Universidad de Castilla-La Mancha","Physiotherapy","First","23","F",0,0,1,1,1,0,1,1,0,1,1,0,7,1,4,3,7,4,2,4,2,7,7,1,1,6,2,1,62
196,2/22/24 19:08:43,2/22/24 19:16:41,"Spanish","Universidad de Castilla-La Mancha","Physiotherapy","First","25","F",1,0,1,1,1,0,1,1,0,1,1,0,8,3,5,5,3,5,2,6,5,5,5,3,3,4,3,5,62
197,2/22/24 20:20:06,2/22/24 20:21:39,"Spanish","Universidad CEU San Pablo","Nursing","Last","23","F",0,0,0,1,1,1,0,0,0,0,0,1,4,4,4,4,4,4,4,4,4,4,4,4,4,4,4,4,60
198,2/22/24 20:19:43,2/22/24 20:26:16,"Spanish","Universidad CEU San Pablo","Nursing","Last","36","F",1,0,1,1,1,1,1,1,1,1,1,0,10,2,5,4,3,5,1,5,4,1,6,3,3,5,2,6,61
199,2/22/24 21:48:41,2/22/24 21:53:19,"Spanish","Universidad CEU San Pablo","Pharmacy","Last","24","M",0,0,1,1,0,0,0,1,1,0,1,1,6,3,5,2,2,3,3,6,6,6,6,4,3,5,5,3,58
200,2/22/24 22:31:29,2/22/24 22:34:57,"Spanish","Universidad CEU Cardenal Herrera","Physiotherapy","First","23","M",0,0,1,0,0,1,0,1,1,0,1,0,5,1,4,2,2,4,1,3,4,2,4,1,1,4,4,1,46
201,2/23/24 0:00:45,2/23/24 0:06:37,"Spanish","Universidad de Castilla-La Mancha","Physiotherapy","First","18","F",0,0,1,1,0,0,1,1,0,0,1,0,5,4,5,5,1,4,5,5,6,5,6,4,1,4,5,3,59
202,2/23/24 9:07:51,2/23/24 9:16:29,"Spanish","Universidad CEU San Pablo","Nursing","Last","29","F",1,0,1,1,1,1,0,0,1,0,1,0,7,1,4,6,3,7,3,5,5,7,6,6,5,6,5,7,78
203,2/23/24 10:40:28,2/23/24 10:45:54,"Spanish","Universidad de Castilla-La Mancha","Physiotherapy","First","18","F",0,0,1,1,1,0,1,1,0,1,1,0,7,3,5,3,1,3,5,5,3,3,5,2,2,7,6,1,50
204,2/23/24 10:42:49,2/23/24 10:49:17,"Spanish","Universidad CEU San Pablo","Medicine","First","27","F",0,0,1,0,0,0,1,1,0,1,0,0,4,1,4,4,6,5,2,4,5,6,4,4,4,4,4,2,65
205,2/23/24 11:18:23,2/23/24 11:26:53,"Spanish","Universidad de Castilla-La Mancha","Physiotherapy","First","23","M",1,0,1,1,1,0,0,1,0,0,1,0,6,4,2,4,4,3,1,4,2,6,6,5,3,6,4,2,56
206,2/23/24 19:10:22,2/23/24 19:16:26,"Spanish","Universidad CEU San Pablo","Medicine","Last","39","M",0,0,1,0,1,0,1,1,1,1,1,0,7,1,4,5,6,4,1,4,5,7,6,2,3,6,1,4,71
207,2/24/24 18:51:30,2/24/24 19:04:18,"Spanish","Universidad de Castilla-La Mancha","Physiotherapy","First","18","F",0,1,1,1,1,0,0,1,1,0,1,1,8,5,5,4,3,5,4,5,3,6,6,4,3,5,3,2,61
208,2/25/24 12:28:23,2/25/24 12:41:39,"Spanish","Universidad de Castilla-La Mancha","Physiotherapy","First","18","M",0,0,1,1,1,0,0,1,0,1,1,1,7,4,6,3,3,5,3,4,6,4,4,3,5,5,3,4,64
209,2/26/24 11:27:43,2/26/24 11:32:18,"Spanish","Universidad de Castilla-La Mancha","Physiotherapy","First","18","M",1,0,1,1,1,1,1,1,1,1,1,0,10,3,6,5,3,2,2,3,6,7,6,2,5,7,3,2,68
210,2/27/24 21:33:52,2/27/24 21:38:57,"Spanish","Universidad CEU San Pablo","Medicine","First","18","F",0,0,1,0,1,1,1,1,0,1,1,1,8,2,6,4,2,5,2,4,5,4,6,4,2,3,4,3,60
211,2/29/24 12:05:49,2/29/24 12:14:54,"English","Universidad CEU San Pablo","Physiotherapy","Last","26","M",0,0,1,1,1,1,1,0,0,0,1,1,7,3,6,5,3,2,3,5,6,5,5,3,4,5,4,3,62
212,2/29/24 17:16:04,2/29/24 17:20:44,"Spanish","Universidad CEU San Pablo","Physiotherapy","Last","23","F",0,0,1,1,1,0,1,1,1,1,1,1,9,3,4,5,3,5,2,4,7,1,6,5,3,6,5,4,63
213,2/29/24 17:17:00,2/29/24 17:23:51,"Spanish","Universidad CEU San Pablo","Physiotherapy","Last","21","F",0,0,1,1,1,1,0,1,1,0,1,1,8,3,5,6,4,6,2,7,6,3,5,3,2,4,6,6,60
214,2/29/24 17:50:32,2/29/24 18:04:48,"Spanish","Universidad CEU San Pablo","Physiotherapy","Last","25","M",0,0,1,0,0,0,1,1,0,1,1,1,6,2,1,1,2,5,3,5,2,1,6,3,5,7,5,2,50
215,2/29/24 18:31:03,2/29/24 18:35:58,"Spanish","Universidad CEU San Pablo","Physiotherapy","Last","23","F",1,0,1,0,1,0,0,1,1,1,1,1,8,5,3,5,4,4,2,4,4,4,7,1,1,6,3,4,57
216,2/29/24 18:57:33,2/29/24 19:01:40,"Spanish","Universidad CEU San Pablo","Physiotherapy","Last","30","M",0,0,1,0,0,1,1,1,0,1,1,1,7,1,1,1,4,1,2,6,6,6,7,5,1,5,4,1,53
217,2/29/24 20:33:25,2/29/24 20:40:18,"Spanish","Universidad CEU San Pablo","Physiotherapy","Last","21","F",1,0,1,1,1,0,1,1,0,1,1,1,9,2,1,2,2,3,4,3,2,5,6,3,2,6,7,2,50
218,2/29/24 21:25:55,2/29/24 21:31:06,"Spanish","Universidad CEU San Pablo","Physiotherapy","Last","22","M",0,1,1,1,1,0,1,1,1,1,1,1,10,2,3,1,2,3,5,6,5,5,6,2,3,6,6,2,53
219,3/1/24 13:40:39,3/1/24 13:42:55,"English","Universidad CEU San Pablo","Nursing","First","19","F",1,0,1,1,1,0,1,0,0,1,0,0,6,3,5,4,1,4,5,4,2,5,6,2,4,4,2,5,62
220,3/1/24 21:16:40,3/1/24 21:20:50,"Spanish","Universidad CEU San Pablo","Physiotherapy","Last","27","F",0,0,0,1,1,0,1,1,1,1,1,1,8,5,1,1,4,2,5,5,1,3,5,1,2,6,3,3,45
221,3/5/24 14:38:14,3/5/24 15:51:01,"Spanish","Universidad de Castilla-La Mancha","Physiotherapy","Last","21","F",0,0,1,1,1,1,0,1,1,1,1,1,9,7,7,4,4,7,4,7,4,7,4,7,4,4,4,4,66
222,3/14/24 12:40:50,3/14/24 12:43:46,"Spanish","Universidad de Alcalá","Medicine","First","18","F",0,0,1,1,1,1,0,1,0,0,1,1,7,5,7,3,2,7,3,4,7,6,5,5,1,3,4,1,61
223,3/15/24 10:25:16,3/15/24 10:33:19,"Spanish","Universidad Rey Juan Carlos","Physiotherapy","Last","22","F",0,0,0,1,1,1,1,1,0,1,1,1,8,5,1,4,4,2,3,3,3,3,5,1,1,7,5,3,48
224,3/15/24 10:35:06,3/15/24 10:38:34,"Spanish","Universidad Rey Juan Carlos","Physiotherapy","Last","21","F",0,0,1,1,0,0,1,0,0,1,1,1,6,4,7,5,4,2,5,3,6,7,6,4,1,5,4,2,67
225,3/15/24 10:47:03,3/15/24 10:52:17,"Spanish","Universidad Rey Juan Carlos","Physiotherapy","First","22","F",0,0,1,0,0,0,1,1,0,0,1,0,4,4,6,6,6,4,2,4,4,4,5,4,4,4,4,4,65
226,3/15/24 10:49:19,3/15/24 10:57:22,"Spanish","Universidad Rey Juan Carlos","Physiotherapy","Last","20","F",0,0,1,1,0,0,1,1,1,0,1,1,7,6,5,2,5,3,6,4,5,4,5,4,2,5,3,3,60
227,3/15/24 12:17:41,3/15/24 12:19:58,"Spanish","Universidad Rey Juan Carlos","Physiotherapy","First","18","M",0,0,1,1,1,0,1,0,0,0,1,0,5,4,6,4,4,4,4,4,4,5,4,4,3,4,3,5,64
228,3/15/24 12:53:28,3/15/24 12:58:40,"Spanish","Universidad Rey Juan Carlos","Physiotherapy","First","19","F",0,0,1,1,1,0,1,1,1,1,1,0,8,2,6,6,4,5,6,4,5,5,6,4,2,2,5,4,68
229,3/15/24 12:55:03,3/15/24 12:59:20,"Spanish","Universidad Rey Juan Carlos","Physiotherapy","Last","21","F",0,0,1,1,1,1,1,1,1,0,1,1,9,5,3,5,5,7,2,6,3,2,4,3,2,6,5,2,52
230,3/15/24 15:12:27,3/15/24 15:23:36,"Spanish","Universidad Rey Juan Carlos","Physiotherapy","First","20","M",0,0,1,1,1,1,1,1,0,1,1,0,8,6,7,3,1,2,5,7,4,6,4,2,4,4,2,5,56
231,3/15/24 15:40:01,3/15/24 15:43:55,"Spanish","Universidad Rey Juan Carlos","Physiotherapy","Last","20","F",0,0,1,1,1,1,1,1,1,1,1,1,10,6,5,4,6,4,3,5,4,4,5,1,2,5,4,5,57
232,3/15/24 16:18:29,3/15/24 16:31:16,"Spanish","Universidad Rey Juan Carlos","Physiotherapy","Last","21","F",0,0,1,1,1,0,1,1,0,1,1,0,7,6,6,4,5,3,2,6,5,4,3,3,1,4,4,1,49
233,3/15/24 18:12:09,3/15/24 18:15:24,"Spanish","Universidad Rey Juan Carlos","Physiotherapy","First","24","F",1,0,1,1,1,1,1,1,1,1,1,0,10,1,4,7,2,4,1,7,3,7,7,3,1,7,2,2,62
234,3/15/24 18:16:31,3/15/24 18:25:01,"Spanish","Universidad Rey Juan Carlos","Physiotherapy","Last","21","M",0,0,1,1,1,0,1,1,1,1,1,0,8,4,5,4,7,2,1,7,1,1,7,1,1,7,4,1,47
235,3/16/24 12:18:21,3/16/24 12:22:52,"Spanish","Universidad Rey Juan Carlos","Physiotherapy","Last","22","M",0,0,1,0,0,1,1,1,1,1,1,0,7,5,3,1,4,2,3,4,2,2,3,1,1,1,6,2,34
236,3/16/24 13:26:12,3/16/24 13:33:00,"Spanish","Universidad Rey Juan Carlos","Physiotherapy","First","20","F",0,0,1,1,1,0,0,1,0,0,1,1,6,1,7,7,3,3,1,4,7,7,7,4,5,7,3,3,77
237,3/17/24 12:30:01,3/17/24 12:32:59,"Spanish","Universidad Rey Juan Carlos","Physiotherapy","Last","22","F",0,0,1,1,1,1,1,1,0,1,1,1,9,5,5,3,2,4,5,5,3,3,6,1,1,5,5,5,52
238,3/17/24 12:37:17,3/17/24 12:40:23,"Spanish","Universidad Rey Juan Carlos","Physiotherapy","Last","20","M",1,1,1,1,1,1,1,1,1,1,1,1,12,3,3,1,4,4,2,4,2,1,7,1,1,7,4,5,51
239,3/18/24 18:22:40,3/18/24 18:26:04,"English","Universidad Rey Juan Carlos","Physiotherapy","First","18","M",0,0,1,0,0,1,1,0,1,1,1,1,7,6,4,5,3,5,2,7,5,3,7,5,1,2,7,2,48
240,3/19/24 8:41:02,3/19/24 8:47:52,"Spanish","Universidad Rey Juan Carlos","Physiotherapy","Last","31","M",1,0,1,1,1,0,1,1,1,1,1,1,10,6,5,2,3,1,2,2,5,3,4,2,1,1,4,5,46
241,3/19/24 11:01:42,3/19/24 11:05:15,"Spanish","Universidad de Castilla-La Mancha","Nursing","First","18","F",0,0,1,1,1,1,0,1,0,1,1,0,7,2,5,3,6,4,1,7,7,6,5,5,3,4,5,5,64
242,3/19/24 11:01:07,3/19/24 11:06:11,"Spanish","Universidad de Castilla-La Mancha","Nursing","First","18","M",1,0,0,1,0,0,0,0,0,0,1,1,4,5,6,6,6,3,3,5,7,6,6,4,5,6,5,7,74
243,3/19/24 11:03:16,3/19/24 11:08:10,"Spanish","Universidad de Castilla-La Mancha","Nursing","First","18","F",1,0,0,1,1,0,1,1,0,0,1,0,6,1,5,5,4,7,5,4,3,1,7,4,1,5,5,4,65
244,3/19/24 11:02:12,3/19/24 11:08:34,"Spanish","Universidad de Castilla-La Mancha","Nursing","First","20","F",0,0,1,1,1,0,1,0,0,1,1,1,7,5,7,3,6,5,2,4,7,6,6,4,4,5,4,2,68
245,3/19/24 11:01:52,3/19/24 11:10:34,"Spanish","Universidad de Castilla-La Mancha","Nursing","First","21","F",0,0,1,1,1,0,1,1,1,1,1,1,9,2,7,6,4,5,3,4,5,7,7,3,3,4,5,3,70
246,3/19/24 11:06:11,3/19/24 11:10:58,"Spanish","Universidad de Castilla-La Mancha","Nursing","First","18","F",0,0,1,1,1,1,0,1,0,1,1,0,7,4,7,3,4,5,1,4,6,4,6,4,4,5,6,2,61
247,3/19/24 11:06:59,3/19/24 11:11:01,"Spanish","Universidad de Castilla-La Mancha","Nursing","First","18","F",0,0,1,1,1,0,0,1,1,1,1,1,8,5,3,2,6,6,5,5,3,5,6,6,5,5,5,5,66
248,3/19/24 11:07:05,3/19/24 11:13:00,"Spanish","Universidad de Castilla-La Mancha","Nursing","First","18","F",0,0,1,0,1,0,0,1,0,1,1,1,6,5,5,5,6,4,2,4,5,6,5,3,3,3,4,5,63
249,3/19/24 11:03:49,3/19/24 11:13:37,"Spanish","Universidad de Castilla-La Mancha","Nursing","First","18","F",0,0,1,1,0,0,1,1,1,0,1,1,7,4,6,5,7,4,3,3,5,3,6,2,2,1,4,1,58
250,3/19/24 11:10:26,3/19/24 11:14:55,"Spanish","Universidad de Castilla-La Mancha","Nursing","First","30","F",0,0,1,1,1,0,1,1,1,0,1,0,7,2,2,3,5,1,3,4,3,4,2,1,1,6,5,2,46
251,3/19/24 11:12:16,3/19/24 11:17:23,"Spanish","Universidad de Castilla-La Mancha","Nursing","First","19","M",0,0,1,0,0,1,0,1,0,1,1,1,6,3,6,4,3,5,2,4,5,4,6,5,4,4,5,1,61
252,3/19/24 11:14:30,3/19/24 11:19:52,"Spanish","Universidad de Castilla-La Mancha","Nursing","First","22","F",1,0,1,0,1,0,1,1,1,0,1,0,7,1,7,7,1,4,1,7,7,4,7,4,1,7,5,5,66
253,3/19/24 11:14:54,3/19/24 11:20:19,"Spanish","Universidad de Castilla-La Mancha","Nursing","First","18","F",1,0,1,0,1,0,1,1,1,0,1,0,7,1,7,7,2,3,3,4,7,7,7,3,4,5,6,3,71
254,3/19/24 11:15:47,3/19/24 11:21:36,"Spanish","Universidad de Castilla-La Mancha","Nursing","First","27","M",1,0,1,1,1,0,1,1,1,1,1,1,10,1,4,5,3,4,1,1,7,6,7,1,3,3,5,2,63
255,3/19/24 11:18:38,3/19/24 11:22:57,"Spanish","Universidad de Castilla-La Mancha","Nursing","First","19","F",1,0,1,1,1,1,0,0,1,0,1,1,8,5,7,7,7,4,4,4,5,6,7,4,4,5,1,7,81
256,3/19/24 11:19:07,3/19/24 11:24:51,"Spanish","Universidad de Castilla-La Mancha","Nursing","First","18","F",0,0,1,1,1,0,1,1,0,1,0,1,7,1,5,4,6,5,2,3,6,6,5,4,1,2,6,1,61
257,3/19/24 11:14:58,3/19/24 11:30:36,"Spanish","Universidad de Castilla-La Mancha","Nursing","First","18","F",0,0,0,1,1,1,0,1,0,0,1,0,5,3,5,4,3,4,5,4,6,5,6,2,2,4,4,1,60
258,3/19/24 11:29:39,3/19/24 11:35:07,"Spanish","Universidad de Castilla-La Mancha","Nursing","First","18","F",0,0,1,1,1,0,1,1,0,1,0,0,6,1,7,7,4,4,1,4,7,4,6,4,1,5,3,4,70
259,3/19/24 11:31:18,3/19/24 11:36:28,"Spanish","Universidad de Castilla-La Mancha","Nursing","First","20","F",1,0,1,1,1,0,1,1,0,1,0,1,8,4,5,7,3,5,1,3,6,5,2,5,4,5,5,3,63
260,3/19/24 11:22:18,3/19/24 11:39:05,"Spanish","Universidad de Castilla-La Mancha","Nursing","First","18","F",0,0,1,1,1,0,1,1,1,0,1,1,8,4,6,3,7,4,1,4,7,5,5,4,3,6,4,3,66
261,3/19/24 11:31:49,3/19/24 11:39:33,"Spanish","Universidad de Castilla-La Mancha","Nursing","First","25","F",0,0,1,1,1,0,1,1,1,0,1,0,7,1,7,4,6,7,1,5,7,7,7,7,7,7,7,1,79
262,3/19/24 11:42:12,3/19/24 11:46:25,"Spanish","Universidad de Castilla-La Mancha","Nursing","First","22","F",0,0,1,0,1,1,0,1,0,0,1,0,5,5,3,4,5,5,5,4,7,3,5,4,2,5,6,6,63
263,3/19/24 11:45:10,3/19/24 11:52:08,"Spanish","Universidad de Castilla-La Mancha","Nursing","First","18","F",1,0,1,1,1,0,0,0,0,1,1,0,6,4,5,4,6,4,3,5,4,2,5,3,2,5,6,7,59
264,3/19/24 11:46:29,3/19/24 11:53:53,"Spanish","Universidad de Castilla-La Mancha","Nursing","First","21","F",0,0,1,1,1,1,1,1,1,1,1,1,10,2,7,3,7,5,4,5,7,7,6,5,4,5,1,6,82
265,3/19/24 11:59:39,3/19/24 12:05:42,"Spanish","Universidad de Castilla-La Mancha","Nursing","First","18","F",0,0,1,1,1,1,0,1,1,1,1,1,9,3,5,4,3,4,2,4,5,4,5,3,2,3,4,4,57
266,3/19/24 12:05:31,3/19/24 12:10:12,"Spanish","Universidad de Castilla-La Mancha","Nursing","First","18","M",0,0,1,1,1,0,1,1,1,1,1,0,8,2,5,3,4,2,2,5,5,6,5,2,1,4,5,6,57
267,3/19/24 12:09:26,3/19/24 12:21:19,"Spanish","Universidad de Castilla-La Mancha","Nursing","First","19","F",0,0,1,1,0,1,1,1,0,1,1,0,7,5,7,4,5,4,3,4,5,5,4,2,1,1,4,3,55
268,3/19/24 12:14:44,3/19/24 12:24:00,"Spanish","Universidad de Castilla-La Mancha","Nursing","First","21","M",0,0,1,1,1,0,1,1,1,1,1,1,9,2,6,5,7,4,2,5,7,6,5,4,2,5,4,3,69
269,3/19/24 12:20:12,3/19/24 12:29:50,"Spanish","Universidad de Castilla-La Mancha","Nursing","First","22","F",0,0,1,1,1,0,0,1,1,0,1,1,7,2,6,5,6,3,2,4,5,4,7,4,4,5,6,3,66
270,3/19/24 13:44:11,3/19/24 13:48:02,"Spanish","Universidad de Castilla-La Mancha","Nursing","First","18","M",0,0,1,1,0,1,0,1,1,1,1,1,8,4,4,5,6,4,4,5,5,4,4,4,4,4,5,3,61
271,3/19/24 15:23:19,3/19/24 15:37:35,"Spanish","Universidad de Castilla-La Mancha","Nursing","First","19","F",1,0,1,0,1,1,0,1,1,1,1,0,8,6,6,3,4,5,6,4,4,3,5,3,3,5,6,4,59
272,3/19/24 16:23:51,3/19/24 16:25:20,"Spanish","Universidad de Castilla-La Mancha","Nursing","First","18","F",1,0,1,1,0,1,1,1,1,1,1,1,10,5,7,3,5,4,2,5,7,6,5,5,4,7,1,5,73
273,3/19/24 16:16:01,3/19/24 16:25:20,"Spanish","Universidad de Castilla-La Mancha","Nursing","First","18","F",1,0,1,1,0,1,1,1,1,1,1,1,10,5,7,3,5,4,2,6,7,6,5,5,4,6,2,5,70
274,3/19/24 16:43:43,3/19/24 16:50:20,"Spanish","Universidad de Castilla-La Mancha","Nursing","First","18","F",0,0,1,1,1,1,1,0,1,0,1,1,8,4,6,5,7,4,5,4,6,6,6,4,1,2,5,4,67
275,3/19/24 22:55:22,3/19/24 22:59:16,"Spanish","Universidad de Castilla-La Mancha","Nursing","Last","24","F",0,0,1,0,1,0,0,1,1,1,1,1,7,4,5,3,4,4,1,5,2,6,6,1,2,4,4,5,54
276,3/20/24 0:51:06,3/20/24 0:55:18,"Spanish","Universidad Rey Juan Carlos","Physiotherapy","First","22","F",1,1,1,1,1,0,1,1,0,1,1,1,10,2,5,3,6,2,5,4,5,3,6,1,1,4,4,3,58
277,3/20/24 9:09:56,3/20/24 9:17:59,"Spanish","Universidad de Castilla-La Mancha","Nursing","First","18","F",0,0,1,0,1,0,0,1,1,1,1,1,7,5,4,3,5,2,3,4,6,3,5,3,3,5,4,5,58
278,3/24/24 17:59:20,3/24/24 18:12:52,"Spanish","Universidad Rey Juan Carlos","Physiotherapy","Last","23","F",0,1,1,0,0,1,1,1,1,0,1,1,8,3,2,2,3,2,5,5,3,6,7,2,2,6,5,3,54
279,4/6/24 18:42:12,4/6/24 18:46:49,"Spanish","Universidad Rey Juan Carlos","Physiotherapy","Last","21","F",0,0,1,1,1,1,1,1,1,1,1,0,9,6,2,2,4,4,5,4,4,2,7,1,1,7,6,1,48
280,4/9/24 12:03:40,4/9/24 12:07:32,"Spanish","Universidad CEU San Pablo","Medicine","Last","38","M",1,0,1,1,1,1,1,1,1,1,1,1,11,7,1,1,1,4,4,4,4,6,4,1,1,4,7,1,38
281,4/9/24 12:05:09,4/9/24 12:11:02,"Spanish","Universidad CEU San Pablo","Medicine","Last","23","F",1,0,1,1,1,0,1,1,1,0,1,0,8,1,7,5,6,6,2,4,4,7,7,4,5,7,4,3,78
282,4/9/24 11:57:59,4/9/24 12:11:27,"Spanish","Universidad CEU San Pablo","Nursing","Last","21","F",0,0,1,1,1,1,0,1,1,1,1,1,9,5,6,2,2,4,3,5,3,1,6,1,1,6,3,2,48
283,4/9/24 12:14:36,4/9/24 12:18:36,"Spanish","Universidad CEU San Pablo","Medicine","Last","23","F",0,0,1,1,0,0,0,1,1,1,1,1,7,2,7,7,7,4,4,3,6,7,6,4,4,5,4,7,83
284,4/9/24 12:29:51,4/9/24 12:34:41,"Spanish","Universidad CEU San Pablo","Medicine","Last","23","F",0,0,1,1,1,0,1,1,0,0,0,0,5,3,5,3,6,4,2,5,6,7,5,4,4,5,5,6,68
285,4/9/24 13:42:32,4/9/24 13:45:55,"Spanish","Universidad CEU San Pablo","Medicine","Last","23","M",0,0,1,1,1,1,0,1,1,0,1,1,8,4,4,3,4,4,4,5,5,5,5,4,4,5,5,5,62
286,4/9/24 14:08:53,4/9/24 14:12:27,"Spanish","Universidad CEU Cardenal Herrera","Physiotherapy","First","19","F",1,0,1,1,1,0,0,1,1,1,0,0,7,5,4,4,4,4,4,4,4,4,4,4,4,4,4,4,59
287,4/9/24 14:08:04,4/9/24 14:14:16,"Spanish","Universidad CEU Cardenal Herrera","Physiotherapy","First","20","M",0,0,1,1,1,0,1,0,0,0,0,0,4,1,7,5,7,3,1,5,5,7,7,4,5,4,1,1,73
288,4/9/24 14:08:20,4/9/24 14:18:49,"Spanish","Universidad CEU Cardenal Herrera","Physiotherapy","Last","24","F",0,0,1,1,1,1,0,1,1,0,1,1,8,6,2,2,2,2,7,4,6,1,6,5,5,7,6,1,54
289,4/9/24 14:12:48,4/9/24 14:19:06,"Spanish","Universidad CEU Cardenal Herrera","Physiotherapy","First","26","F",0,0,1,1,1,1,1,1,1,1,1,0,9,6,4,5,6,7,2,7,4,2,4,1,1,4,4,7,54
290,4/9/24 14:19:51,4/9/24 14:21:55,"Spanish","Universidad CEU San Pablo","Nursing","Last","23","F",0,0,1,1,1,1,0,0,0,1,0,1,6,3,4,4,4,4,4,4,4,4,4,4,4,4,4,4,61
291,4/9/24 14:20:48,4/9/24 14:22:26,"Spanish","Universidad CEU Cardenal Herrera","Physiotherapy","Last","22","F",0,0,1,0,1,1,1,0,0,0,0,1,5,7,7,7,7,7,5,5,6,7,5,5,6,7,6,5,80
292,4/9/24 14:20:14,4/9/24 14:24:36,"Spanish","Universidad CEU Cardenal Herrera","Physiotherapy","Last","28","F",0,1,1,1,0,1,1,1,1,1,1,1,10,7,1,1,5,3,5,5,1,1,7,1,1,7,7,2,40
293,4/9/24 14:16:26,4/9/24 14:26:03,"Spanish","Universidad CEU Cardenal Herrera","Physiotherapy","First","20","M",0,0,1,0,1,1,1,1,1,1,1,0,8,4,3,2,4,4,1,4,1,1,4,1,1,4,4,2,40
294,4/9/24 14:15:46,4/9/24 14:27:52,"Spanish","Universidad CEU San Pablo","Nursing","Last","37","F",1,1,1,1,1,1,1,1,1,1,1,1,12,2,6,4,6,5,2,4,4,6,6,2,4,4,3,6,70
295,4/9/24 14:23:55,4/9/24 14:30:24,"Spanish","Universidad CEU Cardenal Herrera","Physiotherapy","Last","24","M",1,0,1,1,1,1,1,1,1,0,1,1,10,7,4,1,7,7,3,4,3,1,6,1,1,4,4,5,52
296,4/9/24 14:24:04,4/9/24 14:31:02,"Spanish","Universidad CEU Cardenal Herrera","Physiotherapy","First","19","M",1,0,1,1,1,0,1,1,1,1,0,1,9,4,5,4,5,4,4,4,4,4,4,4,4,4,4,4,62
297,4/9/24 14:23:52,4/9/24 14:31:03,"Spanish","Universidad CEU Cardenal Herrera","Physiotherapy","First","18","F",0,0,1,1,0,0,0,1,1,0,0,1,5,5,6,4,5,2,4,4,7,3,5,4,4,4,5,2,60
298,4/9/24 14:24:16,4/9/24 14:32:00,"Spanish","Universidad CEU Cardenal Herrera","Physiotherapy","First","24","M",0,0,1,1,1,0,1,0,1,1,0,1,7,5,4,4,4,4,4,4,2,5,3,5,6,3,5,3,57
299,4/9/24 14:23:47,4/9/24 14:33:33,"Spanish","Universidad CEU Cardenal Herrera","Physiotherapy","First","18","F",1,0,0,0,1,1,1,1,1,1,0,1,8,4,6,7,2,6,6,6,7,7,7,7,1,6,6,1,71
300,4/9/24 14:21:51,4/9/24 14:33:50,"English","Universidad CEU Cardenal Herrera","Physiotherapy","First","18","M",0,0,1,0,1,1,1,1,0,0,1,1,7,4,5,5,5,6,5,5,3,2,5,4,3,6,3,5,66
301,4/9/24 14:30:13,4/9/24 14:34:52,"Spanish","Universidad CEU Cardenal Herrera","Physiotherapy","First","25","M",0,0,1,1,1,1,0,1,0,1,1,0,7,4,1,3,6,5,2,4,4,3,5,3,2,5,5,5,55
302,4/9/24 14:21:02,4/9/24 14:34:54,"Spanish","Universidad CEU Cardenal Herrera","Physiotherapy","First","22","M",0,0,1,1,1,0,1,1,1,0,1,1,8,5,3,3,2,4,5,5,3,3,5,3,2,5,3,2,51
303,4/9/24 14:14:41,4/9/24 14:37:25,"Spanish","Universidad CEU Cardenal Herrera","Physiotherapy","First","23","M",0,0,1,1,1,1,1,1,1,1,0,1,9,5,2,4,6,3,4,5,2,2,5,4,2,5,4,2,51
304,4/9/24 14:33:11,4/9/24 14:37:42,"Spanish","Universidad CEU Cardenal Herrera","Physiotherapy","First","20","M",0,0,1,0,1,1,0,1,0,0,1,1,6,5,6,6,5,4,5,4,7,5,7,3,7,6,5,7,78
305,4/9/24 14:23:43,4/9/24 14:38:51,"Spanish","Universidad CEU Cardenal Herrera","Physiotherapy","First","20","F",0,0,1,1,1,0,0,1,0,1,1,0,6,4,6,5,5,4,3,4,7,6,6,4,4,6,5,5,72
306,4/9/24 14:41:12,4/9/24 14:46:59,"Spanish","Universidad CEU San Pablo","Nursing","Last","46","F",1,0,1,1,1,1,0,1,1,1,1,1,10,2,7,6,7,5,5,5,7,7,6,6,2,7,5,7,84
307,4/9/24 14:40:32,4/9/24 14:48:36,"Spanish","Universidad CEU Cardenal Herrera","Physiotherapy","First","20","M",0,0,1,1,0,0,1,1,0,0,0,0,4,4,3,6,4,5,2,4,5,3,5,3,4,5,4,2,59
308,4/9/24 14:48:03,4/9/24 14:50:56,"Spanish","Universidad CEU San Pablo","Nursing","Last","21","F",0,1,1,1,0,0,0,1,1,1,0,0,6,1,4,6,1,4,1,7,6,5,6,2,2,5,7,5,56
309,4/9/24 14:39:36,4/9/24 14:53:08,"Spanish","Universidad CEU Cardenal Herrera","Physiotherapy","First","20","F",0,0,1,1,1,1,0,1,0,1,1,0,7,4,4,7,3,4,4,6,7,4,7,5,4,7,5,4,69
310,4/9/24 14:56:22,4/9/24 15:03:28,"Spanish","Universidad CEU Cardenal Herrera","Physiotherapy","Last","29","M",1,1,1,1,1,1,1,1,1,1,1,1,12,7,7,4,4,7,4,5,4,5,6,4,1,6,4,4,64
311,4/9/24 14:26:30,4/9/24 15:03:30,"Spanish","Universidad CEU Cardenal Herrera","Physiotherapy","First","18","M",0,0,0,0,0,0,1,1,1,0,0,0,3,5,3,6,4,5,4,6,6,5,5,2,3,4,4,5,61
312,4/9/24 15:02:24,4/9/24 15:04:30,"Spanish","Universidad CEU Cardenal Herrera","Physiotherapy","First","21","M",0,0,1,1,1,1,0,1,1,1,1,0,8,1,4,4,4,4,4,4,4,4,4,4,4,4,4,4,63
313,4/9/24 15:07:23,4/9/24 15:14:35,"Spanish","Universidad CEU Cardenal Herrera","Physiotherapy","First","18","F",0,0,1,0,1,0,0,1,0,1,1,0,5,4,5,5,3,4,6,6,7,2,4,3,5,6,4,3,63
314,4/9/24 15:11:59,4/9/24 15:17:10,"Spanish","Universidad CEU Cardenal Herrera","Physiotherapy","First","19","F",1,0,1,1,1,1,0,1,0,0,1,1,8,5,5,5,3,5,2,5,7,4,4,4,4,5,4,3,61
315,4/9/24 15:12:47,4/9/24 15:18:02,"Spanish","Universidad CEU Cardenal Herrera","Physiotherapy","First","18","M",0,0,1,1,1,0,1,1,1,1,1,0,8,4,4,5,5,4,2,4,5,1,4,2,3,5,4,4,56
316,4/9/24 15:22:48,4/9/24 15:27:29,"Spanish","Universidad CEU Cardenal Herrera","Physiotherapy","First","18","M",0,0,1,1,1,1,0,0,0,0,1,0,5,5,6,4,4,4,2,4,7,6,5,4,3,4,6,5,63
317,4/9/24 15:25:46,4/9/24 15:31:11,"Spanish","Universidad CEU Cardenal Herrera","Physiotherapy","First","24","F",0,0,1,1,1,1,0,0,1,0,1,0,6,3,5,5,6,4,3,3,4,7,5,5,5,5,6,5,71
318,4/9/24 15:45:37,4/9/24 15:51:25,"Spanish","Universidad CEU Cardenal Herrera","Physiotherapy","First","22","M",0,0,1,0,1,1,0,1,0,1,1,0,6,3,5,4,3,5,7,4,3,5,2,4,6,3,4,4,64
319,4/9/24 15:53:11,4/9/24 16:03:49,"Spanish","Universidad CEU Cardenal Herrera","Physiotherapy","First","19","M",0,0,1,1,1,1,0,1,1,0,1,1,8,4,7,7,1,4,4,7,7,1,7,4,4,4,7,1,57
320,4/9/24 16:11:46,4/9/24 16:23:02,"Spanish","Universidad CEU Cardenal Herrera","Physiotherapy","First","19","M",0,0,1,1,1,0,1,1,1,1,1,0,8,5,4,3,5,4,2,3,6,2,6,4,1,4,5,3,55
321,4/9/24 16:14:48,4/9/24 16:37:24,"Spanish","Universidad CEU Cardenal Herrera","Physiotherapy","First","19","M",0,0,1,1,1,1,0,1,1,1,1,0,8,4,3,3,1,5,4,7,6,1,3,2,5,7,6,4,51
322,4/9/24 16:39:56,4/9/24 16:43:49,"Spanish","Universidad CEU Cardenal Herrera","Physiotherapy","First","19","F",0,0,1,0,0,0,1,1,0,0,1,0,4,3,4,5,3,4,3,3,5,6,5,3,4,7,3,4,68
323,4/9/24 16:48:22,4/9/24 16:53:38,"Spanish","Universidad CEU Cardenal Herrera","Physiotherapy","First","18","M",0,0,0,0,0,1,0,1,0,1,0,0,3,3,5,4,5,2,5,1,6,5,4,2,4,4,5,3,64
324,4/9/24 16:44:47,4/9/24 17:02:13,"Spanish","Universidad CEU Cardenal Herrera","Physiotherapy","Last","23","F",0,0,1,1,1,1,1,1,1,1,1,0,9,4,2,4,6,3,5,5,5,2,7,2,2,6,5,3,57
325,4/9/24 17:51:45,4/9/24 17:59:47,"Spanish","Universidad CEU Cardenal Herrera","Physiotherapy","First","18","F",0,0,1,1,1,1,0,0,0,0,1,0,5,2,7,7,7,7,1,5,7,7,7,7,7,6,4,5,88
326,4/9/24 18:12:24,4/9/24 18:19:45,"Spanish","Universidad CEU Cardenal Herrera","Physiotherapy","First","22","F",0,0,1,1,1,1,1,1,1,1,1,0,9,2,4,6,3,4,1,6,4,6,7,4,1,7,6,6,63
327,4/9/24 18:23:31,4/9/24 18:27:31,"Spanish","Universidad CEU Cardenal Herrera","Physiotherapy","First","18","F",0,0,1,0,0,1,1,1,1,1,0,1,7,2,4,6,1,7,5,6,7,5,7,4,4,4,4,6,72
328,4/9/24 19:09:24,4/9/24 19:14:27,"Spanish","Universidad CEU San Pablo","Nursing","Last","24","F",0,0,1,1,1,0,0,1,0,0,1,0,5,5,5,4,4,4,3,5,7,5,6,3,3,3,3,3,61
329,4/9/24 19:53:22,4/9/24 19:56:44,"Spanish","Universidad CEU Cardenal Herrera","Physiotherapy","First","18","M",0,0,1,1,1,1,0,1,0,1,0,0,6,4,4,4,4,4,4,4,4,4,4,4,4,4,4,4,60
330,4/9/24 20:23:23,4/9/24 20:41:05,"Spanish","Universidad CEU Cardenal Herrera","Physiotherapy","First","20","F",1,0,0,1,1,0,0,1,1,0,1,1,7,5,4,5,6,4,7,4,4,7,6,4,5,5,6,3,69
331,4/9/24 20:26:53,4/9/24 20:41:05,"Spanish","Universidad CEU Cardenal Herrera","Physiotherapy","First","19","F",1,0,0,1,1,0,1,1,1,0,1,1,8,5,4,5,4,4,4,4,4,3,6,2,4,5,6,3,57
332,4/9/24 21:51:57,4/9/24 21:55:59,"Spanish","Universidad CEU Cardenal Herrera","Physiotherapy","Last","22","M",1,0,1,0,1,0,0,1,1,1,1,1,8,4,2,7,7,4,2,6,4,6,7,4,1,4,1,6,67
333,4/9/24 21:50:08,4/9/24 21:57:46,"Spanish","Universidad CEU Cardenal Herrera","Physiotherapy","First","19","M",0,0,1,1,1,1,1,0,1,0,0,0,6,4,5,3,3,4,4,4,5,3,3,4,4,5,5,3,57
334,4/9/24 21:54:17,4/9/24 22:00:24,"Spanish","Universidad CEU Cardenal Herrera","Physiotherapy","Last","22","F",0,0,1,1,1,0,0,0,0,1,1,1,6,6,1,1,4,1,7,7,1,2,7,1,1,7,7,4,41
335,4/9/24 21:52:03,4/9/24 22:00:56,"Spanish","Universidad CEU Cardenal Herrera","Physiotherapy","Last","34","M",0,0,1,1,1,1,1,1,1,1,1,0,9,5,6,2,2,4,3,5,2,3,6,2,2,6,5,2,49
336,4/9/24 21:52:42,4/9/24 22:01:08,"Spanish","Universidad CEU Cardenal Herrera","Physiotherapy","Last","21","M",0,0,1,1,1,1,0,1,1,1,1,1,9,7,4,5,3,5,1,7,4,1,7,3,1,7,5,3,49
337,4/9/24 21:52:08,4/9/24 22:01:57,"Spanish","Universidad CEU Cardenal Herrera","Physiotherapy","Last","43","M",1,0,1,1,1,1,1,1,1,1,1,1,11,7,2,6,4,2,3,2,4,6,5,2,1,6,4,3,55
338,4/9/24 21:57:29,4/9/24 22:04:32,"Spanish","Universidad CEU Cardenal Herrera","Physiotherapy","Last","23","F",0,0,1,1,1,1,0,1,1,1,1,0,8,7,4,2,5,4,5,4,3,1,6,3,2,5,6,1,48
339,4/9/24 21:53:19,4/9/24 22:06:34,"Spanish","Universidad CEU Cardenal Herrera","Physiotherapy","Last","22","M",0,0,1,1,1,0,1,1,1,1,1,0,8,7,4,2,2,2,2,6,5,2,5,4,1,6,5,1,42
340,4/9/24 22:02:03,4/9/24 22:07:13,"Spanish","Universidad CEU Cardenal Herrera","Physiotherapy","Last","22","F",0,0,1,0,1,0,0,1,1,0,1,1,6,4,2,6,4,7,1,6,4,3,6,4,1,6,4,3,57
341,4/9/24 22:51:56,4/9/24 22:59:08,"Spanish","Universidad CEU Cardenal Herrera","Physiotherapy","Last","34","M",0,0,1,0,0,0,1,1,1,1,1,0,6,6,3,3,6,2,3,5,2,3,4,1,1,3,5,3,42
342,4/9/24 23:06:25,4/9/24 23:21:25,"Spanish","Universidad CEU Cardenal Herrera","Physiotherapy","Last","25","M",0,0,1,1,1,1,0,1,1,0,1,1,8,4,5,4,4,3,3,4,4,4,4,4,4,4,4,4,59
343,4/9/24 23:12:32,4/9/24 23:23:16,"Spanish","Universidad CEU Cardenal Herrera","Physiotherapy","Last","28","M",0,0,1,1,1,1,0,1,1,1,1,0,8,4,3,2,6,5,4,5,1,1,6,1,1,4,5,4,48
344,4/10/24 10:11:39,4/10/24 10:16:59,"Spanish","Universidad CEU Cardenal Herrera","Physiotherapy","Last","28","M",0,1,1,1,0,1,1,1,0,1,1,0,8,6,6,4,5,3,2,2,5,2,6,2,2,6,5,3,57
345,4/10/24 10:11:40,4/10/24 10:21:03,"Spanish","Universidad CEU Cardenal Herrera","Physiotherapy","Last","24","M",0,0,1,0,1,1,1,1,1,1,1,1,9,4,2,4,5,1,4,5,6,2,6,1,3,6,4,3,54
346,4/10/24 10:25:40,4/10/24 10:34:29,"Spanish","Universidad CEU Cardenal Herrera","Physiotherapy","Last","26","M",0,0,1,0,0,1,1,1,1,1,1,1,8,6,5,1,2,3,1,5,1,2,7,1,1,7,5,1,40
347,4/10/24 10:32:44,4/10/24 10:38:15,"Spanish","Universidad CEU Cardenal Herrera","Physiotherapy","Last","25","F",0,0,1,1,0,1,1,1,1,1,1,1,9,6,1,1,5,2,2,4,2,3,6,3,2,5,5,4,45
348,4/10/24 10:41:45,4/10/24 10:47:15,"Spanish","Universidad CEU Cardenal Herrera","Physiotherapy","Last","21","M",0,0,1,1,1,0,1,1,1,1,1,0,8,7,3,1,1,5,3,4,4,7,7,3,1,5,5,5,53
349,4/10/24 10:44:16,4/10/24 10:51:26,"Spanish","Universidad CEU Cardenal Herrera","Physiotherapy","Last","23","M",0,0,1,1,1,1,0,1,0,1,1,1,8,5,4,2,3,3,5,4,6,6,6,6,1,5,3,2,61
350,4/10/24 10:52:54,4/10/24 10:56:11,"Spanish","Universidad CEU Cardenal Herrera","Physiotherapy","Last","22","M",0,0,0,1,0,1,1,1,1,0,1,1,7,4,4,4,4,4,4,4,4,4,4,4,4,4,4,4,60
351,4/10/24 11:09:40,4/10/24 11:43:41,"Spanish","Universidad CEU Cardenal Herrera","Physiotherapy","Last","25","F",0,0,1,1,1,1,0,1,1,1,1,0,8,7,6,6,6,3,2,4,4,4,5,3,2,6,6,5,59
352,4/10/24 11:24:10,4/10/24 11:44:28,"Spanish","Universidad CEU Cardenal Herrera","Physiotherapy","Last","32","F",0,0,1,1,1,1,1,1,0,1,1,1,9,4,6,7,4,4,6,5,6,6,6,4,1,6,7,4,68
353,4/10/24 12:52:29,4/10/24 12:58:00,"Spanish","Universidad CEU Cardenal Herrera","Physiotherapy","Last","25","F",0,0,1,1,1,1,0,1,1,0,1,1,8,7,1,1,4,7,1,4,1,1,6,4,1,4,4,1,41
354,4/10/24 12:51:08,4/10/24 13:01:55,"Spanish","Universidad CEU Cardenal Herrera","Physiotherapy","Last","24","M",0,0,1,1,1,1,1,1,1,0,1,1,9,7,4,4,3,6,1,4,5,2,6,1,3,6,4,1,51
355,4/10/24 13:46:16,4/10/24 13:58:28,"Spanish","Universidad CEU Cardenal Herrera","Physiotherapy","Last","24","F",0,0,1,0,1,1,1,1,0,0,1,1,7,5,4,2,4,5,6,6,3,4,6,5,3,5,3,2,59
356,4/10/24 14:18:59,4/10/24 14:26:24,"Spanish","Universidad CEU Cardenal Herrera","Physiotherapy","Last","21","M",1,0,1,1,1,1,1,1,1,1,1,0,10,7,4,1,5,4,1,4,7,5,7,1,1,7,4,4,56
357,4/10/24 14:38:24,4/10/24 14:47:05,"Spanish","Universidad CEU Cardenal Herrera","Physiotherapy","First","20","M",0,0,1,1,1,0,1,1,1,1,0,1,8,5,4,1,3,4,3,4,3,1,5,1,2,6,4,3,47
358,4/10/24 16:14:57,4/10/24 16:25:00,"Spanish","Universidad CEU Cardenal Herrera","Physiotherapy","Last","23","F",1,0,1,1,1,0,1,1,1,1,1,1,10,6,1,6,5,2,2,2,1,1,7,1,1,7,6,2,46
359,4/10/24 16:37:07,4/10/24 16:41:30,"Spanish","Universidad CEU Cardenal Herrera","Physiotherapy","Last","24","F",0,0,1,1,1,1,1,1,1,1,1,1,10,5,1,7,1,6,1,4,1,3,7,7,1,7,4,2,55
360,4/10/24 16:48:52,4/10/24 16:53:35,"Spanish","Universidad CEU Cardenal Herrera","Physiotherapy","First","18","F",0,0,1,0,0,0,0,1,0,1,1,0,4,4,3,5,4,4,2,5,6,1,5,4,3,5,5,3,55
361,4/10/24 21:12:22,4/10/24 21:22:10,"Spanish","Universidad CEU Cardenal Herrera","Physiotherapy","Last","23","F",1,0,0,0,1,0,1,1,1,0,1,0,6,3,4,4,7,6,2,5,7,4,5,5,2,5,4,1,64
362,4/11/24 8:18:53,4/11/24 8:27:06,"Spanish","Universidad CEU Cardenal Herrera","Physiotherapy","First","21","F",0,0,0,1,1,0,1,0,0,0,0,1,4,5,4,3,5,5,3,4,4,5,6,2,2,6,5,1,56
363,4/11/24 11:13:20,4/11/24 11:27:05,"Spanish","Universidad CEU Cardenal Herrera","Physiotherapy","First","20","F",0,0,1,1,0,0,1,1,0,0,0,0,4,2,7,6,1,5,3,7,4,7,6,6,7,7,6,6,74
364,4/11/24 11:58:42,4/11/24 11:58:56,"Spanish","Universidad CEU Cardenal Herrera","Physiotherapy","Last","27","M",1,0,1,0,1,0,1,1,1,1,1,1,9,4,2,2,3,4,4,4,4,4,7,3,1,4,5,3,52
365,4/11/24 12:40:18,4/11/24 12:44:33,"Spanish","Universidad CEU Cardenal Herrera","Nursing","First","20","F",1,0,1,0,1,1,1,1,0,1,0,0,7,4,4,4,4,4,4,4,4,4,4,4,4,4,4,4,60
366,4/11/24 13:15:03,4/11/24 13:17:45,"Spanish","Universidad CEU Cardenal Herrera","Nursing","Last","22","M",0,0,1,1,1,0,1,1,0,1,1,1,8,3,6,4,3,3,5,4,2,6,5,2,3,5,2,3,62
367,4/11/24 13:12:01,4/11/24 13:28:48,"Spanish","Universidad CEU Cardenal Herrera","Nursing","Last","21","M",0,0,1,0,1,0,1,1,0,0,1,1,6,3,6,5,5,4,2,5,6,5,5,4,3,5,3,6,69
368,4/11/24 23:06:03,4/11/24 23:09:43,"Spanish","Universidad de Alcalá","Physiotherapy","Last","22","F",0,0,1,0,0,1,1,1,1,1,1,0,7,1,4,4,1,5,1,6,2,2,6,2,1,2,2,1,46
369,4/11/24 23:43:08,4/11/24 23:47:58,"Spanish","Universidad de Alcalá","Physiotherapy","Last","22","F",0,0,1,1,1,1,1,1,1,0,1,1,9,2,5,3,6,6,4,5,5,4,5,4,3,4,4,5,67
370,4/12/24 0:15:08,4/12/24 0:23:31,"Spanish","Universidad CEU Cardenal Herrera","Medicine","Last","23","F",0,0,1,1,1,0,1,1,0,1,1,1,8,6,6,4,5,4,6,5,4,2,5,4,2,5,6,4,58
371,4/12/24 0:22:23,4/12/24 0:25:41,"Spanish","Universidad CEU Cardenal Herrera","Medicine","Last","23","F",0,0,0,1,1,1,1,1,0,0,0,1,6,7,4,7,7,3,4,4,4,4,4,4,4,4,4,4,62
372,4/12/24 0:21:42,4/12/24 0:27:39,"Spanish","Universidad CEU Cardenal Herrera","Medicine","First","18","F",0,0,1,0,1,0,0,0,0,0,1,1,4,1,7,4,3,4,1,4,3,4,5,5,4,5,5,5,64
373,4/12/24 0:22:59,4/12/24 0:27:41,"Spanish","Universidad CEU Cardenal Herrera","Medicine","First","19","F",1,0,0,0,0,1,0,1,0,1,1,0,5,2,5,4,4,5,2,6,5,5,6,5,5,4,3,1,64
374,4/12/24 1:08:11,4/12/24 1:12:16,"Spanish","Universidad CEU Cardenal Herrera","Medicine","Last","24","F",0,0,1,1,1,1,1,1,1,0,1,0,8,3,5,2,6,2,5,4,4,5,4,2,1,5,4,1,55
375,4/12/24 5:41:22,4/12/24 5:46:40,"Spanish","Universidad CEU Cardenal Herrera","Medicine","First","18","F",0,0,1,0,0,0,0,1,0,1,1,1,5,2,6,4,3,4,2,5,5,4,6,4,2,2,5,2,56
376,4/12/24 7:36:59,4/12/24 7:46:20,"Spanish","Universidad CEU Cardenal Herrera","Medicine","First","21","F",0,0,0,1,1,1,0,0,0,1,0,1,5,3,5,3,2,2,2,4,7,5,4,1,3,5,7,1,50
377,4/12/24 8:02:30,4/12/24 8:06:17,"English","Universidad CEU Cardenal Herrera","Medicine","First","28","F",0,0,0,1,1,0,0,0,1,0,1,0,4,5,6,7,6,3,5,3,7,6,7,2,6,6,6,6,77
378,4/12/24 8:33:10,4/12/24 8:37:38,"Spanish","Universidad CEU Cardenal Herrera","Medicine","Last","25","F",0,0,1,1,1,1,1,1,1,1,1,1,10,3,3,3,4,3,5,4,3,3,5,3,1,5,6,1,50
379,4/12/24 9:02:58,4/12/24 9:10:10,"Spanish","Universidad CEU Cardenal Herrera","Medicine","First","23","F",1,0,1,1,1,0,1,1,1,0,0,1,8,5,4,3,3,3,4,4,3,3,2,5,4,3,5,3,50
380,4/12/24 9:19:12,4/12/24 9:22:58,"English","Universidad CEU Cardenal Herrera","Medicine","First","21","M",1,0,0,1,1,1,0,1,0,0,0,1,6,5,6,3,3,4,6,2,7,2,6,2,2,3,6,1,56
381,4/12/24 8:56:33,4/12/24 9:55:43,"Spanish","Universidad CEU Cardenal Herrera","Medicine","First","18","F",1,0,1,1,1,0,0,1,1,0,1,1,8,1,6,7,6,7,2,5,6,7,7,7,6,6,4,7,88
382,4/12/24 11:50:46,4/12/24 11:54:54,"Spanish","Universidad CEU Cardenal Herrera","Medicine","Last","23","F",0,0,1,1,1,1,0,1,0,0,1,1,7,3,5,6,7,5,2,6,4,2,6,1,2,6,4,1,58
383,4/12/24 13:05:32,4/12/24 13:10:14,"Spanish","Universidad CEU Cardenal Herrera","Nursing","First","21","F",0,0,1,1,1,1,1,0,0,1,0,1,7,4,5,6,3,6,3,4,7,3,6,5,5,7,5,7,74
384,4/12/24 14:11:46,4/12/24 14:19:06,"Spanish","Universidad de Alcalá","Nursing","First","18","F",0,0,1,1,1,0,1,1,1,1,1,0,8,2,4,1,3,4,1,4,2,2,5,1,1,4,6,1,41
385,4/12/24 14:25:57,4/12/24 14:29:12,"Spanish","Universidad CEU Cardenal Herrera","Medicine","First","19","F",0,0,1,1,1,0,0,1,0,0,1,1,6,5,6,5,3,5,1,4,5,5,5,3,2,5,3,1,58
386,4/12/24 14:36:58,4/12/24 14:43:46,"Spanish","Universidad CEU Cardenal Herrera","Nursing","First","26","F",0,0,0,1,1,1,0,1,0,0,1,0,5,4,7,7,1,5,1,4,6,7,7,5,5,7,6,1,69
387,4/12/24 15:48:53,4/12/24 15:59:46,"Spanish","Universidad CEU Cardenal Herrera","Nursing","First","49","F",1,0,1,1,1,0,1,1,1,0,1,1,9,2,6,5,7,6,5,5,6,7,6,6,5,6,5,5,82
388,4/12/24 16:39:10,4/12/24 16:46:49,"Spanish","Universidad CEU Cardenal Herrera","Medicine","Last","24","F",1,0,1,1,1,1,1,1,0,0,1,0,8,2,1,3,6,4,5,7,3,5,6,4,3,6,6,3,58
389,4/12/24 17:02:26,4/12/24 17:07:52,"Spanish","Universidad CEU Cardenal Herrera","Medicine","First","18","F",0,0,1,0,0,1,0,1,0,1,1,1,6,2,3,4,6,5,2,5,6,5,6,5,4,6,4,4,69
390,4/12/24 17:17:55,4/12/24 17:23:47,"Spanish","Universidad CEU Cardenal Herrera","Physiotherapy","Last","21","M",0,0,1,0,0,0,1,1,1,1,1,1,7,7,1,1,2,3,5,1,1,1,7,1,1,7,7,1,40
391,4/12/24 22:32:29,4/12/24 22:38:32,"Spanish","Universidad CEU Cardenal Herrera","Nursing","First","22","F",0,0,1,1,1,0,0,1,0,1,1,0,6,1,4,4,5,4,4,5,5,2,7,1,3,5,3,4,63
392,4/14/24 0:55:21,4/14/24 1:01:28,"Spanish","Universidad CEU Cardenal Herrera","Physiotherapy","Last","44","M",1,0,1,0,0,0,1,1,1,1,1,0,7,4,1,4,7,1,5,1,1,1,7,1,1,4,4,4,52
393,4/14/24 18:07:15,4/14/24 18:14:11,"Spanish","Universidad CEU Cardenal Herrera","Physiotherapy","Last","36","F",0,0,1,1,1,1,1,0,0,1,1,0,7,5,4,5,5,4,5,7,6,5,5,5,5,7,6,5,67
394,4/14/24 18:45:25,4/14/24 18:53:16,"English","Universidad CEU Cardenal Herrera","Medicine","First","19","F",0,0,0,0,0,1,0,0,1,1,1,0,4,2,7,3,4,4,4,5,5,6,5,4,4,5,3,4,69
395,4/15/24 9:26:42,4/15/24 9:31:43,"Spanish","Universidad CEU Cardenal Herrera","Medicine","First","19","F",0,0,1,1,1,0,0,1,0,0,1,0,5,6,5,4,1,4,2,4,6,4,3,1,1,7,5,4,51
